"","CountYear","Accipiter sp.","African Collared-Dove","American Black Duck x Mallard (hybrid)","American Coot","American Crow","American Dipper","American Goldfinch","American Kestrel","American Pipit","American Robin","American Three-toed Woodpecker","American Tree Sparrow","American Wigeon","Aythya sp.","Baird's Sparrow","Bald Eagle","Barn Owl","Barn Owl (American)","Barrow's Goldeneye","Belted Kingfisher","Black-and-white Warbler","Black-billed Magpie","Black-capped Chickadee","Black-crowned Night-Heron","Black Rosy-Finch","blackbird sp.","Blue-winged Teal","Blue Jay","Bohemian Waxwing","Bohemian/Cedar Waxwing","Bonaparte's Gull","Boreal Owl","Brant","Brant (Black)","Brewer's Blackbird","Brown-capped Rosy-Finch","Brown-headed Cowbird","Brown Creeper","Brown Thrasher","Bufflehead","Bushtit","Buteo sp.","Cackling Goose","Cackling/Canada Goose","California Gull","California Quail","Canada Goose","Canvasback","Canyon Wren","Cassin's Finch","Cedar Waxwing","chickadee sp.","Chukar","Cinnamon Teal","Clark's Nutcracker","Common Goldeneye","Common Grackle","Common Grackle (Purple)","Common Loon","Common Merganser","Common Raven","Common Redpoll","Common Yellowthroat","Common/Barrow's Goldeneye","Cooper's Hawk","crow sp.","Dark-eyed Junco","Dark-eyed Junco (cismontanus)","Dark-eyed Junco (Gray-headed)","Dark-eyed Junco (Oregon)","Dark-eyed Junco (Pink-sided)","Dark-eyed Junco (Slate-colored)","Dark-eyed Junco (Slate-colored/Cassiar)","Dark-eyed Junco (White-winged)","Domestic goose sp. (Domestic type) x Canada Goose (hybrid)","Double-crested Cormorant","Downy Woodpecker","duck sp.","Dusky/Sooty Grouse","eagle sp.","Eastern Bluebird","Eastern Screech-Owl","Eurasian Collared-Dove","Eurasian Wigeon","European Starling","Evening Grosbeak","falcon sp.","Ferruginous Hawk","Field Sparrow","Fox Sparrow","Gadwall","Golden-crowned Kinglet","Golden-crowned Sparrow","Golden Eagle","Gray-crowned Rosy-Finch","Gray Catbird","Gray Jay","Gray Partridge","Great-tailed Grackle","Great Blue Heron (Blue form)","Great Horned Owl","Greater Sage-Grouse","Greater Scaup","Greater White-fronted Goose","Greater White-fronted x Canada Goose (hybrid)","Greater/Lesser Scaup","Green-tailed Towhee","Green-winged Teal","Green-winged Teal (American)","gull sp.","Hairy Woodpecker","Harris's Hawk","Harris's Sparrow","Hermit Thrush","Herring Gull","Hooded Merganser","Horned Grebe","Horned Lark","House Finch","House Sparrow","House Wren","jay sp.","Killdeer","Lapland Longspur","Lazuli Bunting","Lesser Black-backed Gull","Lesser Goldfinch","Lesser Scaup","Lewis's Woodpecker","Lincoln's Sparrow","Loggerhead Shrike","Long-eared Owl","Long-tailed Duck","Mallard","Marsh Wren","Merlin","Mew Gull","Mountain Bluebird","Mountain Chickadee","Mourning Dove","Northern Bobwhite","Northern Flicker","Northern Flicker (intergrade)","Northern Flicker (Red-shafted)","Northern Flicker (Yellow-shafted)","Northern Goshawk","Northern Goshawk (American)","Northern Harrier","Northern Mockingbird","Northern Pintail","Northern Pygmy-Owl","Northern Saw-whet Owl","Northern Shoveler","Northern Shrike","Northern Waterthrush","Pacific/Winter Wren","Palm Warbler (Western)","Peregrine Falcon","Pied-billed Grebe","Pine Grosbeak","Pine Siskin","Pine Warbler","Pinyon Jay","Prairie Falcon","Purple Finch","Pygmy Nuthatch","Red-bellied Woodpecker","Red-breasted Merganser","Red-breasted Nuthatch","Red-headed Woodpecker","Red-lored Parrot","Red-naped Sapsucker","Red-necked Grebe","Red-tailed Hawk","Red-tailed Hawk (Harlan's)","Red-winged Blackbird","Red Crossbill","Redhead","Ring-billed Gull","Ring-necked Duck","Ring-necked Pheasant","Rock Pigeon (Feral Pigeon)","Rock Wren","Rose-breasted Grosbeak","Ross's Goose","rosy-finch sp.","Rough-legged Hawk","Ruby-crowned Kinglet","Ruddy Duck","Rusty Blackbird","Sage Thrasher","Sandhill Crane","sapsucker sp.","Savannah Sparrow","Scaled Quail","Scarlet Tanager","screech-owl sp.","Sharp-shinned Hawk","Short-eared Owl","shrike sp.","Snow Bunting","Snow Goose","Snow x Canada Goose (hybrid)","Song Sparrow","Song Sparrow (montana/merrilli)","Sora","sparrow sp.","Spotted Sandpiper","Spotted Towhee","Spotted/Eastern Towhee (Rufous-sided Towhee)","Steller's Jay","Swainson's Hawk","Swamp Sparrow","teal sp.","Thayer's Gull","Townsend's Solitaire","Trumpeter Swan","Tundra Swan","Turkey Vulture","Varied Thrush","Vesper Sparrow","Virginia Rail","Western Bluebird","Western Grebe","Western Meadowlark","Western Scrub-Jay","Western Scrub-Jay (Woodhouse's)","White-breasted Nuthatch","White-breasted Nuthatch (Interior West)","White-crowned Sparrow","White-crowned Sparrow (Gambel's)","White-throated Sparrow","White-winged Crossbill","White-winged Dove","White-winged Scoter","Wild Turkey","Wilson's Snipe","Wilson's/Common Snipe","Winter Wren","Wood Duck","wren sp.","Yellow-bellied Sapsucker","Yellow-headed Blackbird","Yellow-rumped Warbler","Yellow-rumped Warbler (Audubon's)","Yellow-rumped Warbler (Myrtle)","Yellow-throated Warbler"
"1",1926,NA,NA,NA,NA,NA,NA,NA,NA,NA,NA,NA,"52",NA,NA,NA,NA,NA,NA,NA,"3",NA,"26","6",NA,NA,NA,NA,NA,NA,NA,NA,NA,NA,NA,NA,NA,NA,"2",NA,NA,NA,NA,NA,NA,NA,NA,NA,NA,NA,NA,NA,NA,NA,NA,NA,NA,NA,NA,NA,NA,NA,NA,NA,NA,NA,"256",NA,NA,NA,NA,NA,NA,NA,NA,NA,NA,"2",NA,NA,NA,NA,NA,NA,NA,NA,NA,NA,"1",NA,NA,NA,NA,NA,NA,NA,NA,NA,NA,NA,NA,NA,NA,NA,NA,NA,NA,NA,NA,NA,NA,NA,NA,NA,NA,NA,NA,NA,NA,NA,NA,NA,NA,"4",NA,NA,NA,NA,NA,"16",NA,NA,NA,NA,"3",NA,NA,NA,NA,"2",NA,NA,NA,NA,"15",NA,NA,NA,NA,NA,NA,NA,NA,NA,NA,NA,NA,NA,NA,NA,NA,NA,NA,NA,NA,NA,NA,NA,NA,NA,NA,NA,NA,NA,NA,NA,"314",NA,NA,NA,NA,"3",NA,NA,NA,NA,NA,NA,NA,NA,NA,NA,NA,NA,NA,NA,NA,NA,NA,NA,NA,NA,NA,NA,NA,"17",NA,"100",NA,NA,NA,"3",NA,NA,NA,NA,NA,NA,NA,NA,NA,NA,NA,NA,NA,"3",NA,NA,NA,NA,"22",NA,NA,NA,NA,NA,NA,NA,"16",NA,NA,NA,NA,NA,NA,NA,NA,NA
"2",1927,NA,NA,NA,NA,NA,NA,NA,"1",NA,NA,NA,"51",NA,NA,NA,NA,NA,NA,NA,NA,NA,"64","6",NA,NA,NA,NA,NA,NA,NA,NA,NA,NA,NA,NA,NA,NA,"2",NA,NA,NA,NA,NA,NA,NA,NA,NA,NA,NA,NA,NA,NA,NA,"3",NA,NA,NA,NA,NA,NA,NA,NA,NA,NA,NA,"13",NA,NA,NA,"4","126","1",NA,NA,NA,NA,"1",NA,NA,NA,NA,NA,NA,NA,NA,NA,NA,"1",NA,NA,NA,NA,NA,NA,NA,NA,NA,NA,NA,NA,NA,NA,NA,NA,NA,NA,NA,NA,NA,NA,"1",NA,NA,NA,NA,NA,NA,NA,"15",NA,NA,NA,"2",NA,NA,NA,NA,NA,"2",NA,NA,NA,NA,"1",NA,"1",NA,NA,"2",NA,NA,NA,NA,"10",NA,NA,NA,"2",NA,NA,NA,NA,NA,"2",NA,NA,NA,NA,NA,NA,NA,NA,NA,NA,NA,NA,NA,NA,NA,NA,NA,NA,NA,NA,NA,"155",NA,NA,"1",NA,"16",NA,NA,NA,NA,NA,NA,NA,NA,NA,NA,NA,NA,NA,NA,NA,NA,NA,NA,NA,NA,NA,NA,NA,"18",NA,NA,NA,NA,NA,NA,"1",NA,"16",NA,NA,NA,NA,NA,NA,NA,NA,NA,NA,"16",NA,NA,NA,NA,"115",NA,NA,NA,NA,NA,NA,NA,"1",NA,NA,NA,NA,NA,NA,NA,NA,NA
"3",1947,NA,NA,NA,NA,"9",NA,NA,NA,NA,NA,NA,"4","30",NA,NA,NA,NA,NA,NA,"1",NA,"39","2",NA,NA,NA,NA,NA,NA,NA,NA,NA,NA,NA,NA,NA,NA,"6",NA,NA,NA,NA,NA,NA,NA,NA,NA,NA,NA,NA,NA,NA,NA,NA,NA,NA,NA,"cw",NA,"20",NA,NA,NA,NA,NA,NA,NA,NA,"1","6","37","1",NA,NA,NA,NA,"1",NA,NA,NA,NA,NA,NA,NA,NA,"17",NA,"1",NA,NA,NA,NA,NA,NA,NA,NA,NA,NA,NA,NA,NA,NA,NA,NA,NA,NA,NA,"223",NA,NA,NA,NA,NA,NA,NA,NA,NA,NA,"2","83",NA,NA,NA,NA,NA,NA,NA,NA,NA,NA,NA,NA,NA,"8892",NA,NA,NA,NA,"2",NA,NA,NA,NA,"13",NA,NA,NA,"1",NA,"96",NA,NA,"4",NA,NA,NA,NA,NA,NA,NA,NA,NA,NA,NA,NA,NA,NA,NA,NA,NA,NA,NA,NA,NA,NA,"347",NA,NA,"1",NA,"3",NA,NA,NA,NA,NA,NA,"2",NA,NA,NA,NA,NA,NA,NA,NA,NA,NA,NA,NA,NA,NA,NA,"4",NA,NA,NA,NA,NA,NA,NA,NA,NA,NA,NA,NA,NA,NA,NA,NA,NA,NA,NA,NA,"1",NA,NA,NA,NA,NA,NA,NA,NA,NA,NA,NA,NA,"1",NA,NA,NA,NA,NA,NA,NA,NA,NA
"4",1948,NA,NA,NA,NA,"4","10",NA,"cw",NA,"17",NA,"66","25",NA,NA,"2",NA,NA,NA,"1",NA,"132","30",NA,NA,NA,NA,NA,NA,NA,NA,NA,NA,NA,NA,NA,NA,"30",NA,NA,NA,NA,NA,NA,NA,NA,NA,NA,"1",NA,NA,NA,NA,NA,NA,NA,NA,NA,NA,NA,NA,NA,NA,NA,NA,NA,NA,NA,"1","51",NA,"6",NA,"8",NA,NA,"3",NA,NA,NA,NA,NA,NA,NA,"483",NA,NA,NA,NA,NA,NA,"1",NA,"3",NA,NA,"1",NA,NA,NA,NA,"1",NA,NA,NA,NA,NA,"14",NA,NA,"2",NA,NA,NA,NA,NA,NA,"5","54","234",NA,NA,NA,NA,NA,NA,NA,NA,"36",NA,NA,NA,NA,"2255",NA,"1",NA,NA,"10",NA,NA,NA,NA,"75",NA,NA,NA,"5",NA,"96",NA,NA,NA,NA,NA,NA,NA,NA,NA,NA,NA,NA,NA,NA,NA,NA,NA,NA,NA,NA,NA,NA,NA,NA,NA,"2",NA,NA,NA,NA,"96","2",NA,NA,NA,NA,"2",NA,NA,NA,NA,NA,NA,NA,NA,NA,NA,NA,NA,NA,NA,NA,NA,"34",NA,NA,NA,NA,NA,NA,"12",NA,NA,NA,NA,"2",NA,NA,NA,NA,NA,NA,NA,NA,"53",NA,NA,NA,NA,NA,NA,NA,NA,NA,NA,NA,NA,"3",NA,NA,NA,NA,NA,NA,NA,NA,NA
"5",1949,NA,NA,NA,NA,"192","4",NA,"1",NA,NA,NA,"48",NA,NA,NA,"2",NA,NA,NA,"1",NA,"202","9",NA,NA,NA,NA,NA,NA,NA,NA,NA,NA,NA,"1",NA,"1","3",NA,NA,NA,NA,NA,NA,NA,NA,NA,NA,NA,NA,NA,NA,NA,NA,NA,NA,NA,NA,NA,"cw",NA,NA,NA,NA,NA,NA,NA,NA,"2","11","32","6",NA,"1",NA,NA,"3",NA,NA,NA,NA,NA,NA,NA,"243",NA,NA,NA,NA,NA,NA,NA,NA,"1",NA,NA,NA,NA,NA,NA,"2",NA,NA,NA,NA,NA,NA,"9",NA,NA,"2",NA,NA,NA,NA,NA,NA,"7","15","554",NA,NA,"7",NA,NA,NA,"cw",NA,"2",NA,NA,NA,NA,"2530",NA,"1",NA,NA,"4",NA,NA,NA,NA,"54",NA,NA,"1","5",NA,"11",NA,NA,NA,NA,NA,NA,NA,NA,NA,NA,"15",NA,NA,NA,NA,NA,NA,NA,NA,NA,NA,NA,NA,"1",NA,"1548",NA,NA,NA,NA,"35",NA,NA,NA,NA,NA,"4",NA,NA,NA,NA,NA,NA,NA,NA,NA,NA,NA,NA,NA,NA,NA,NA,"15",NA,NA,NA,NA,NA,NA,"3",NA,NA,NA,NA,"4",NA,NA,NA,NA,NA,NA,NA,NA,"20",NA,NA,NA,NA,NA,"4",NA,NA,NA,NA,NA,NA,"3",NA,NA,NA,NA,NA,NA,NA,NA,NA
"6",1950,NA,NA,NA,NA,"4","1",NA,"1",NA,"10",NA,"62",NA,NA,NA,NA,NA,NA,NA,"1",NA,"89","7",NA,NA,NA,NA,NA,NA,NA,NA,NA,NA,NA,NA,NA,NA,"5",NA,NA,NA,NA,NA,NA,NA,NA,NA,NA,NA,"6",NA,NA,NA,NA,NA,"21",NA,NA,NA,"17",NA,NA,NA,NA,NA,NA,NA,NA,"11","60",NA,"5",NA,NA,NA,NA,"3",NA,NA,NA,NA,NA,NA,NA,"42","7",NA,"1",NA,NA,NA,NA,NA,"5",NA,NA,NA,NA,NA,NA,NA,NA,NA,NA,NA,NA,NA,"70",NA,NA,"2",NA,NA,NA,NA,NA,NA,"30","67","68",NA,"3","5",NA,NA,NA,NA,NA,"18",NA,NA,NA,NA,"1155",NA,"1",NA,NA,"8",NA,NA,NA,NA,"29",NA,NA,NA,"7",NA,"30",NA,NA,NA,"4",NA,NA,NA,NA,NA,NA,"100",NA,NA,"2",NA,"11",NA,NA,"2",NA,NA,NA,NA,"1",NA,"75",NA,NA,"5",NA,"61",NA,"3",NA,NA,NA,"1","1",NA,NA,NA,NA,NA,NA,NA,NA,NA,NA,NA,NA,NA,NA,NA,"13",NA,NA,NA,NA,NA,NA,"53",NA,NA,NA,NA,"4",NA,NA,NA,NA,NA,NA,NA,NA,"65",NA,NA,"2",NA,"9",NA,NA,NA,NA,NA,NA,NA,NA,NA,NA,NA,NA,NA,NA,NA,NA,NA
"7",1951,NA,NA,NA,NA,NA,"3",NA,"1",NA,"5",NA,"94","5",NA,NA,"1",NA,NA,NA,"1",NA,"121","4",NA,NA,NA,NA,NA,NA,NA,NA,NA,NA,NA,NA,NA,NA,"3",NA,NA,NA,NA,NA,NA,NA,NA,NA,NA,NA,NA,NA,NA,NA,NA,NA,NA,NA,NA,NA,NA,NA,NA,NA,NA,NA,NA,NA,NA,NA,"46",NA,"1",NA,NA,NA,NA,"3",NA,NA,NA,NA,NA,NA,NA,"463",NA,NA,NA,NA,NA,NA,NA,NA,"2",NA,NA,NA,NA,NA,"2","1",NA,NA,NA,NA,NA,NA,NA,NA,NA,NA,NA,NA,NA,NA,NA,NA,"71","63","93",NA,"1","1",NA,NA,NA,NA,NA,"9",NA,NA,NA,NA,"1933",NA,NA,NA,NA,"3",NA,NA,NA,NA,"32",NA,NA,NA,"2",NA,"2",NA,NA,NA,"1",NA,NA,NA,NA,NA,NA,NA,NA,NA,NA,NA,NA,NA,NA,"4",NA,NA,NA,NA,NA,NA,"27",NA,NA,NA,NA,"12",NA,"1",NA,NA,NA,"1",NA,NA,NA,NA,NA,NA,NA,NA,NA,NA,NA,NA,NA,NA,NA,NA,"16",NA,NA,NA,NA,NA,NA,"1",NA,NA,NA,NA,"1",NA,NA,NA,NA,NA,NA,NA,NA,"17",NA,NA,NA,NA,"15",NA,NA,NA,NA,NA,NA,NA,NA,NA,NA,NA,NA,NA,NA,NA,NA,NA
"8",1952,NA,NA,NA,NA,"353","12","16","2",NA,"8",NA,"562",NA,NA,NA,"3",NA,NA,NA,"4",NA,"144","47",NA,NA,NA,NA,"2",NA,NA,NA,NA,NA,NA,NA,NA,NA,NA,NA,NA,NA,NA,NA,NA,NA,NA,NA,NA,"5",NA,NA,NA,NA,NA,NA,"4",NA,NA,NA,NA,NA,NA,NA,NA,NA,NA,NA,NA,"1","130",NA,"10",NA,NA,NA,NA,"3",NA,NA,NA,NA,NA,NA,NA,"84",NA,NA,"1",NA,NA,NA,"9",NA,"2",NA,NA,NA,NA,NA,"2",NA,NA,NA,NA,NA,NA,NA,"3",NA,NA,"2",NA,NA,NA,NA,NA,NA,"78","86","182",NA,NA,"9",NA,NA,NA,NA,NA,"4",NA,"1",NA,NA,"7321",NA,NA,NA,NA,"6",NA,NA,NA,NA,"30",NA,NA,NA,"9",NA,"7",NA,NA,NA,NA,NA,NA,NA,NA,NA,NA,NA,NA,NA,"2",NA,NA,NA,NA,"3",NA,NA,NA,NA,"2",NA,"7",NA,NA,"1",NA,"13",NA,NA,NA,NA,NA,"1","2",NA,NA,NA,NA,NA,NA,NA,NA,NA,NA,"4",NA,NA,NA,NA,"12",NA,NA,NA,NA,NA,NA,"2",NA,NA,NA,NA,"6",NA,NA,NA,NA,NA,NA,NA,NA,"17",NA,NA,NA,NA,"3",NA,NA,NA,NA,NA,NA,NA,"8",NA,NA,NA,"1",NA,NA,NA,NA,NA
"9",1953,NA,NA,NA,NA,NA,"9","83","3",NA,NA,NA,"619",NA,NA,NA,NA,NA,NA,NA,"4",NA,"102","61","1",NA,NA,NA,"cw",NA,NA,NA,NA,NA,NA,NA,NA,NA,"6",NA,NA,NA,NA,NA,NA,NA,NA,NA,NA,"9","51","16",NA,NA,NA,NA,"8",NA,NA,NA,"5",NA,NA,NA,NA,NA,NA,NA,NA,"2","206",NA,"4",NA,NA,NA,NA,"9",NA,NA,NA,NA,NA,NA,NA,"69","cw",NA,NA,NA,NA,NA,NA,NA,"2",NA,NA,NA,NA,NA,"3",NA,NA,NA,NA,NA,NA,NA,"3",NA,NA,"1",NA,"1",NA,NA,NA,NA,"1","78","262",NA,NA,"20",NA,NA,NA,NA,NA,"2",NA,"2",NA,NA,"550",NA,"2",NA,NA,"33","1",NA,NA,"1","64",NA,NA,NA,"4",NA,NA,NA,NA,NA,"1",NA,NA,NA,NA,NA,NA,NA,NA,NA,"1",NA,NA,NA,NA,"3",NA,NA,"1",NA,"5",NA,"307",NA,NA,NA,NA,"14",NA,NA,NA,NA,NA,"2",NA,NA,"3",NA,NA,NA,NA,"25",NA,NA,NA,"1",NA,NA,NA,NA,"38",NA,NA,NA,NA,NA,NA,"16",NA,NA,NA,NA,"6",NA,NA,NA,NA,NA,NA,NA,NA,"43",NA,NA,NA,NA,"81",NA,NA,NA,NA,NA,NA,NA,"2",NA,NA,NA,NA,NA,NA,NA,NA,NA
"10",1954,NA,NA,NA,NA,NA,"7",NA,NA,NA,NA,NA,"132","1",NA,NA,NA,NA,NA,NA,"1",NA,"103","9",NA,NA,NA,NA,NA,NA,NA,NA,NA,NA,NA,NA,NA,NA,"1",NA,NA,NA,NA,NA,NA,NA,NA,NA,NA,"1",NA,NA,NA,NA,NA,NA,NA,NA,NA,NA,"2",NA,NA,NA,NA,NA,NA,NA,NA,NA,NA,"62",NA,NA,NA,NA,NA,NA,NA,NA,NA,NA,NA,NA,NA,"4",NA,NA,NA,NA,NA,NA,NA,NA,NA,NA,NA,NA,NA,NA,NA,NA,NA,NA,NA,NA,NA,NA,"4",NA,NA,NA,NA,NA,NA,NA,NA,NA,NA,"2","55",NA,NA,"2",NA,NA,NA,NA,NA,"3",NA,NA,NA,NA,"1200",NA,NA,NA,NA,"17",NA,NA,NA,NA,"22",NA,NA,NA,"4",NA,"10",NA,NA,"4",NA,NA,NA,NA,NA,NA,NA,NA,NA,NA,NA,NA,NA,NA,NA,NA,NA,NA,NA,NA,NA,NA,"50",NA,NA,NA,NA,"17",NA,NA,NA,NA,NA,NA,NA,NA,NA,NA,NA,NA,NA,"32",NA,NA,NA,NA,NA,NA,NA,NA,"2",NA,NA,NA,NA,NA,NA,"32",NA,NA,NA,NA,"1",NA,NA,NA,NA,NA,NA,NA,NA,"18",NA,NA,NA,NA,"5",NA,NA,NA,NA,NA,NA,NA,NA,NA,NA,NA,NA,NA,NA,NA,NA,NA
"11",1955,NA,NA,NA,NA,"3",NA,"4","1",NA,"13",NA,"71",NA,NA,"1","1",NA,NA,NA,"2","cw","116","18",NA,NA,NA,NA,"5",NA,NA,NA,NA,NA,NA,NA,NA,NA,"1",NA,NA,"6",NA,NA,NA,NA,NA,NA,NA,"8","150",NA,NA,NA,NA,"10",NA,NA,NA,NA,"11",NA,NA,NA,NA,NA,NA,NA,NA,"3","128",NA,"9",NA,"4",NA,NA,"4",NA,NA,NA,NA,NA,NA,NA,"349","71",NA,NA,NA,NA,NA,"cw",NA,NA,NA,NA,NA,NA,NA,"2","2",NA,NA,NA,NA,NA,NA,"2",NA,NA,"7",NA,NA,NA,NA,NA,NA,"3","39","281",NA,NA,"5",NA,NA,NA,NA,NA,"6",NA,NA,NA,NA,"1186",NA,"1",NA,NA,"3",NA,NA,NA,NA,"56",NA,NA,NA,"1",NA,NA,NA,NA,NA,"4",NA,NA,NA,NA,NA,NA,"110",NA,NA,NA,NA,NA,NA,NA,"6",NA,NA,NA,NA,"4",NA,"535",NA,NA,NA,NA,"6",NA,"3",NA,NA,NA,"3",NA,NA,NA,NA,NA,NA,NA,NA,NA,NA,NA,NA,NA,NA,NA,NA,"16",NA,NA,NA,NA,"1",NA,"22","1",NA,NA,NA,"4",NA,NA,NA,NA,NA,NA,NA,NA,"15",NA,NA,NA,NA,"77",NA,NA,NA,NA,NA,NA,NA,"1",NA,NA,NA,NA,NA,NA,NA,NA,NA
"12",1956,NA,NA,NA,NA,"5","2","36","2",NA,"cw",NA,"240","1",NA,NA,NA,NA,NA,NA,"1",NA,"100","33",NA,NA,NA,NA,NA,NA,NA,NA,NA,NA,NA,NA,NA,NA,"7",NA,NA,NA,NA,NA,NA,NA,NA,NA,NA,"4",NA,NA,NA,NA,NA,NA,NA,NA,NA,NA,NA,NA,NA,NA,NA,NA,NA,NA,NA,"3","40",NA,"1",NA,NA,NA,NA,"7",NA,NA,NA,NA,NA,NA,NA,"332",NA,NA,NA,NA,NA,NA,NA,NA,NA,NA,NA,NA,NA,NA,"1","1",NA,NA,NA,NA,NA,NA,"35",NA,NA,"4",NA,NA,NA,"1",NA,NA,NA,"10","82",NA,NA,"10",NA,NA,NA,NA,NA,"4",NA,NA,NA,NA,"803",NA,NA,NA,"cw","14",NA,NA,NA,NA,"29",NA,NA,NA,"5",NA,"3",NA,NA,"10","7",NA,NA,NA,NA,NA,NA,"107",NA,NA,NA,NA,"6",NA,NA,NA,NA,NA,NA,NA,"4",NA,"61",NA,NA,NA,NA,"7",NA,"3",NA,NA,NA,"5",NA,NA,NA,NA,NA,NA,NA,NA,NA,NA,NA,NA,NA,NA,NA,NA,"15",NA,NA,NA,NA,NA,NA,"6",NA,NA,NA,NA,"2",NA,NA,NA,NA,NA,NA,NA,NA,"91",NA,NA,NA,NA,"59",NA,NA,NA,NA,NA,NA,NA,"1",NA,NA,NA,NA,NA,NA,NA,NA,NA
"13",1957,NA,NA,NA,NA,"3","3","7","3",NA,"1",NA,"17","3",NA,NA,"1",NA,NA,NA,NA,NA,"57","26",NA,NA,NA,NA,"1",NA,NA,NA,NA,NA,NA,"5",NA,NA,"1",NA,NA,NA,NA,NA,NA,NA,NA,NA,NA,"1",NA,NA,NA,NA,NA,NA,NA,NA,NA,NA,NA,NA,"35",NA,NA,NA,NA,NA,NA,NA,"40",NA,"6",NA,NA,NA,NA,"3",NA,NA,NA,NA,NA,NA,NA,"303",NA,NA,NA,NA,NA,"17","1",NA,"3",NA,NA,NA,NA,NA,NA,"1",NA,NA,NA,NA,NA,NA,"547",NA,NA,"2",NA,NA,NA,NA,NA,NA,"2","54","151",NA,"1","2",NA,NA,NA,NA,NA,"4",NA,NA,NA,NA,"5022",NA,NA,NA,NA,"4",NA,NA,NA,NA,"48",NA,NA,NA,"7",NA,"74",NA,NA,"4","2",NA,NA,NA,NA,NA,NA,NA,NA,NA,NA,NA,"24",NA,NA,"1",NA,NA,NA,NA,"2",NA,"40",NA,NA,"1",NA,"6",NA,NA,NA,NA,NA,"2",NA,NA,NA,NA,NA,NA,NA,NA,NA,NA,NA,NA,NA,NA,NA,NA,"5",NA,NA,NA,NA,NA,NA,"3",NA,NA,NA,NA,"2",NA,NA,NA,NA,NA,NA,NA,"1","17",NA,NA,NA,NA,NA,NA,NA,NA,NA,NA,NA,NA,"2",NA,NA,NA,NA,NA,NA,NA,NA,NA
"14",1958,NA,NA,NA,NA,"168","8","3","7","1",NA,NA,"148","2",NA,NA,NA,NA,NA,NA,"1",NA,"134","19",NA,NA,NA,NA,"3",NA,NA,NA,NA,NA,NA,NA,NA,NA,"10",NA,NA,NA,NA,NA,NA,NA,NA,"40",NA,"10",NA,NA,NA,NA,NA,"1",NA,NA,NA,NA,"80",NA,NA,NA,NA,NA,NA,NA,NA,"4","208",NA,"5",NA,"2",NA,NA,"4",NA,NA,NA,NA,NA,NA,NA,"2265",NA,NA,NA,NA,NA,NA,NA,NA,NA,NA,NA,NA,NA,NA,NA,"2",NA,NA,NA,NA,NA,NA,NA,NA,NA,"1",NA,NA,NA,"4",NA,NA,"4","5","459",NA,"1","11",NA,NA,NA,NA,NA,"cw",NA,NA,NA,NA,"1339",NA,NA,NA,NA,"32","cw",NA,NA,NA,"73",NA,NA,NA,"9",NA,NA,NA,NA,NA,"3",NA,NA,NA,"1",NA,NA,"75",NA,"176","1",NA,"1",NA,NA,NA,NA,NA,NA,NA,"5",NA,"2",NA,NA,"100",NA,"92",NA,NA,NA,NA,NA,"10",NA,NA,NA,NA,NA,NA,NA,NA,NA,"cw",NA,"1",NA,NA,NA,NA,"30",NA,NA,NA,NA,NA,NA,"17",NA,NA,NA,NA,"5",NA,NA,NA,NA,NA,NA,NA,NA,"282",NA,NA,"2",NA,"42",NA,NA,NA,NA,NA,NA,NA,"3",NA,NA,NA,NA,NA,NA,NA,NA,NA
"15",1959,NA,NA,NA,NA,NA,"4","11","1",NA,"35",NA,"19","1",NA,NA,"4",NA,NA,NA,"1",NA,"128","7",NA,NA,NA,NA,"8",NA,NA,NA,NA,NA,NA,NA,NA,NA,"2",NA,NA,NA,NA,NA,NA,NA,NA,"167",NA,"3",NA,"14",NA,NA,NA,NA,"48",NA,NA,NA,"18","2",NA,NA,NA,NA,NA,NA,NA,"1","52",NA,"4",NA,"3",NA,NA,"3",NA,NA,NA,NA,NA,NA,NA,"37",NA,NA,NA,NA,NA,NA,NA,NA,"1",NA,NA,NA,NA,NA,NA,"2",NA,NA,NA,NA,NA,NA,"2",NA,NA,NA,NA,NA,NA,"8",NA,NA,"166","15","235",NA,NA,NA,NA,NA,NA,NA,"10",NA,NA,NA,NA,NA,"22763",NA,NA,NA,NA,"6",NA,NA,NA,NA,"16",NA,NA,NA,"7",NA,NA,NA,NA,"2","1",NA,NA,NA,NA,NA,NA,"2",NA,NA,NA,NA,"8",NA,NA,NA,NA,"1",NA,NA,"2",NA,NA,NA,NA,"1",NA,"14",NA,NA,NA,NA,NA,"2",NA,NA,NA,NA,NA,NA,NA,NA,NA,NA,NA,NA,NA,NA,NA,NA,"5",NA,NA,NA,NA,NA,NA,"1",NA,NA,NA,NA,"2",NA,NA,NA,NA,NA,NA,NA,"1","20",NA,NA,NA,NA,"1",NA,NA,NA,NA,NA,NA,NA,"8",NA,NA,NA,NA,NA,NA,NA,NA,NA
"16",1960,NA,NA,NA,NA,"2","5","3","6",NA,"cw",NA,"161","33",NA,NA,"3",NA,NA,NA,"3",NA,"76","30",NA,NA,NA,NA,"8","156",NA,NA,NA,NA,NA,NA,NA,NA,"7",NA,NA,NA,NA,NA,NA,NA,"30","770",NA,"1","34",NA,NA,"14",NA,NA,"27",NA,NA,NA,"79",NA,NA,NA,NA,NA,NA,NA,NA,"1","134",NA,"5",NA,"1",NA,NA,"3",NA,NA,NA,NA,NA,NA,NA,"218","92",NA,NA,NA,NA,"4","3",NA,NA,NA,NA,NA,NA,NA,NA,"2",NA,NA,NA,NA,NA,NA,"5",NA,NA,"2",NA,NA,NA,"2",NA,NA,"220","50","149",NA,NA,"33",NA,NA,NA,NA,"2","1",NA,NA,NA,NA,"3207",NA,NA,NA,NA,"34",NA,NA,NA,NA,"45",NA,NA,NA,"13",NA,"4",NA,NA,NA,"2",NA,NA,NA,NA,NA,"13","36",NA,NA,NA,NA,NA,NA,NA,NA,NA,"1",NA,NA,"1",NA,"43","9",NA,NA,NA,"62",NA,NA,NA,NA,NA,"7",NA,NA,NA,NA,NA,NA,NA,"23",NA,NA,NA,"4",NA,NA,NA,NA,"11",NA,NA,NA,NA,NA,NA,"7",NA,NA,NA,NA,"2",NA,NA,NA,NA,NA,NA,NA,NA,"23",NA,NA,NA,NA,"122",NA,NA,NA,NA,NA,NA,NA,"72",NA,NA,NA,NA,NA,NA,NA,NA,NA
"17",1961,NA,NA,NA,NA,NA,"1",NA,"1",NA,"12",NA,"114","38",NA,NA,NA,NA,NA,NA,"4",NA,"76","14",NA,NA,NA,NA,"5","65",NA,NA,NA,NA,NA,"2",NA,NA,NA,NA,"3",NA,NA,NA,NA,NA,"19","564",NA,"1","25",NA,NA,"1",NA,NA,"10",NA,NA,NA,NA,NA,NA,NA,NA,NA,NA,NA,NA,"7","149","4",NA,NA,NA,NA,NA,"7",NA,NA,NA,NA,NA,NA,NA,"220","47",NA,NA,NA,NA,"20",NA,NA,"4",NA,NA,NA,NA,NA,NA,NA,NA,NA,NA,NA,NA,NA,"10",NA,NA,"2",NA,"1",NA,"2",NA,NA,"52","19","219",NA,NA,"5",NA,NA,NA,NA,NA,"2",NA,NA,NA,NA,"5206",NA,NA,NA,NA,"26","9",NA,NA,NA,"35",NA,NA,NA,"11",NA,NA,NA,NA,"11",NA,NA,NA,NA,NA,NA,NA,"79",NA,NA,"3",NA,NA,NA,NA,NA,NA,NA,NA,NA,"2",NA,"25",NA,NA,NA,NA,"57",NA,NA,NA,NA,NA,"12",NA,NA,NA,NA,NA,NA,NA,"10",NA,"cw",NA,NA,NA,NA,NA,NA,"16",NA,NA,NA,NA,NA,NA,"2",NA,NA,NA,NA,"4",NA,NA,NA,NA,NA,NA,NA,NA,"31",NA,NA,NA,NA,"161",NA,NA,NA,NA,NA,NA,NA,"14",NA,NA,NA,NA,NA,NA,NA,NA,NA
"18",1962,NA,NA,NA,NA,"590","20","6","2",NA,"21",NA,"76","34",NA,NA,"1",NA,NA,NA,"5",NA,"160","47",NA,NA,NA,NA,"28",NA,NA,NA,NA,NA,NA,"12",NA,NA,"9",NA,NA,NA,NA,NA,NA,NA,"50","850",NA,"1",NA,"8",NA,NA,NA,NA,"20",NA,NA,NA,"9",NA,NA,NA,NA,NA,NA,NA,NA,"1","100",NA,"13",NA,"1",NA,NA,"5",NA,NA,NA,NA,NA,NA,NA,"680","99",NA,NA,NA,"1","7",NA,NA,NA,NA,NA,"28",NA,NA,"4",NA,NA,NA,NA,NA,NA,NA,NA,"43",NA,"6",NA,NA,NA,NA,NA,NA,"17","63","860",NA,NA,"17",NA,NA,NA,NA,NA,"6",NA,NA,NA,NA,"840",NA,NA,NA,NA,"79",NA,NA,NA,NA,"93",NA,NA,NA,"19",NA,"31",NA,NA,"12",NA,NA,NA,NA,NA,"2",NA,"37",NA,NA,"1",NA,NA,NA,NA,"2",NA,NA,NA,NA,"6",NA,"56",NA,NA,"48",NA,"200",NA,NA,NA,NA,NA,"6",NA,NA,NA,NA,NA,NA,NA,"30",NA,NA,NA,"1",NA,NA,"2",NA,"18",NA,NA,NA,NA,NA,NA,"50","1","1",NA,NA,"2",NA,NA,NA,NA,NA,NA,NA,NA,"91",NA,NA,"3",NA,"73",NA,NA,NA,NA,NA,NA,NA,"10",NA,NA,NA,NA,NA,NA,NA,NA,NA
"19",1963,NA,NA,NA,NA,"130","15","1","5",NA,"50",NA,"190","35",NA,NA,NA,NA,NA,NA,"3",NA,"150","46",NA,NA,NA,NA,"22",NA,NA,NA,NA,NA,NA,NA,NA,NA,"11",NA,NA,NA,NA,NA,NA,NA,"85","1200","1",NA,"3",NA,NA,NA,NA,NA,"14",NA,NA,NA,"6",NA,NA,NA,NA,NA,NA,NA,NA,"10","150",NA,"12",NA,NA,NA,NA,"9",NA,NA,NA,NA,NA,NA,NA,"640","160",NA,NA,NA,NA,"11","1",NA,NA,NA,NA,NA,NA,NA,NA,NA,NA,NA,NA,NA,NA,NA,NA,"23",NA,"2",NA,NA,NA,NA,NA,NA,"45","27","620",NA,NA,"18",NA,NA,NA,NA,"3","7",NA,NA,NA,NA,"3000",NA,NA,NA,NA,"3","2",NA,NA,NA,"65",NA,NA,NA,"9",NA,"7",NA,NA,"2","3",NA,NA,NA,NA,NA,NA,NA,NA,NA,"2",NA,NA,NA,NA,"4",NA,NA,NA,NA,"2",NA,"350",NA,"2",NA,NA,"110",NA,NA,NA,NA,NA,"2",NA,NA,NA,"1",NA,NA,NA,"58",NA,NA,NA,NA,NA,NA,NA,NA,"32",NA,NA,NA,NA,NA,NA,"9",NA,NA,NA,NA,"7",NA,NA,NA,NA,NA,NA,NA,NA,"140",NA,NA,NA,NA,"160",NA,NA,NA,NA,NA,NA,NA,"6",NA,NA,NA,NA,NA,NA,NA,NA,NA
"20",1964,NA,NA,NA,"2","13","10","3","4",NA,NA,NA,"100","22",NA,NA,"2",NA,NA,NA,"1",NA,"93","16",NA,NA,NA,NA,"4",NA,NA,NA,NA,NA,NA,"5",NA,"1","1",NA,NA,NA,NA,NA,NA,NA,"21","1400",NA,NA,NA,NA,NA,NA,NA,NA,"37",NA,NA,NA,"13",NA,NA,NA,NA,NA,NA,NA,NA,"8","79",NA,"15",NA,NA,NA,NA,"2",NA,NA,NA,NA,NA,NA,NA,"310",NA,NA,NA,NA,NA,"8",NA,NA,"3",NA,NA,NA,NA,NA,NA,NA,NA,NA,NA,NA,NA,NA,NA,"4",NA,NA,NA,NA,NA,NA,NA,NA,"55","87","370",NA,NA,"2",NA,NA,NA,NA,"31","5",NA,NA,NA,NA,"1600",NA,NA,NA,NA,NA,NA,NA,NA,NA,"19",NA,NA,NA,"1",NA,"28",NA,NA,"8","2",NA,NA,NA,NA,NA,NA,NA,NA,NA,"1",NA,NA,NA,NA,NA,NA,NA,NA,NA,"3",NA,"130",NA,"4",NA,NA,"15",NA,NA,NA,NA,NA,"5",NA,NA,NA,NA,NA,NA,NA,"78",NA,NA,NA,NA,NA,NA,NA,NA,"13",NA,NA,NA,NA,NA,NA,NA,NA,NA,NA,NA,NA,NA,NA,NA,NA,NA,"2",NA,NA,"79",NA,NA,NA,NA,"42",NA,"1",NA,NA,NA,NA,NA,"1",NA,NA,NA,NA,NA,NA,NA,NA,NA
"21",1965,NA,NA,NA,"2","100","2","6","2",NA,"50",NA,"77","130",NA,NA,"2",NA,NA,NA,"6",NA,"150","37","1",NA,NA,NA,"13",NA,NA,NA,NA,NA,NA,"2",NA,NA,"2",NA,NA,NA,NA,NA,NA,NA,NA,"6200",NA,"2","14","65",NA,NA,NA,NA,"17",NA,NA,NA,"3",NA,NA,NA,NA,NA,NA,NA,NA,"6","120",NA,"15",NA,NA,NA,NA,"4",NA,NA,NA,NA,NA,NA,NA,"440","4",NA,NA,NA,NA,NA,NA,NA,"2",NA,NA,NA,NA,NA,NA,"2",NA,NA,NA,NA,NA,NA,NA,"44",NA,"2",NA,NA,NA,NA,NA,NA,NA,"16","100",NA,NA,"7",NA,NA,NA,NA,NA,"3",NA,NA,NA,NA,"1900",NA,NA,NA,NA,"16",NA,NA,NA,NA,"47",NA,NA,NA,"8",NA,"21",NA,NA,NA,"4",NA,NA,NA,NA,NA,NA,"11",NA,NA,NA,NA,NA,NA,NA,NA,NA,NA,NA,NA,"1",NA,"40",NA,NA,"11",NA,"10",NA,NA,NA,NA,NA,"8","3",NA,NA,NA,NA,NA,NA,NA,NA,NA,NA,NA,NA,NA,"10",NA,"22",NA,NA,NA,NA,NA,NA,NA,NA,NA,NA,NA,"3",NA,NA,NA,NA,NA,NA,NA,NA,"22",NA,NA,"4",NA,"160",NA,NA,NA,NA,NA,NA,NA,NA,NA,NA,NA,NA,"1",NA,NA,NA,NA
"22",1966,NA,NA,NA,"4","390","5","32","12",NA,"4",NA,"250","130",NA,NA,"1",NA,NA,NA,"14",NA,"230","110",NA,NA,NA,NA,"34",NA,NA,NA,NA,NA,NA,NA,NA,"2","5",NA,"1",NA,NA,NA,NA,NA,NA,"5700",NA,"1","38","15",NA,NA,NA,NA,"24",NA,NA,NA,"63","3",NA,NA,NA,"1",NA,NA,NA,"2","120",NA,"21",NA,"1",NA,NA,"15",NA,NA,NA,NA,NA,NA,NA,"960","280",NA,NA,NA,NA,"6",NA,NA,"5","54",NA,NA,NA,NA,"10",NA,NA,NA,NA,NA,NA,NA,NA,"710",NA,"5",NA,"1",NA,"5",NA,NA,"3","58","600",NA,NA,"26",NA,NA,NA,NA,"5","1",NA,NA,NA,"1","7000",NA,NA,NA,NA,"50",NA,NA,NA,NA,"81",NA,NA,NA,"7","1","250",NA,NA,"15","1",NA,NA,NA,NA,NA,NA,NA,NA,NA,"2",NA,"3",NA,NA,"3",NA,NA,NA,NA,"4","2","5200","7","3","110",NA,"42",NA,NA,NA,NA,NA,"11","1",NA,NA,NA,NA,NA,NA,NA,NA,NA,"1","1",NA,NA,"4",NA,"17",NA,NA,NA,NA,NA,NA,"17",NA,NA,NA,NA,"5",NA,NA,NA,NA,NA,NA,NA,NA,"69",NA,NA,"12",NA,"50",NA,NA,NA,NA,NA,NA,NA,"1",NA,NA,NA,"1",NA,NA,NA,NA,NA
"23",1967,NA,NA,NA,"10","870","11","55","4",NA,"87",NA,"130","150",NA,NA,"2",NA,NA,NA,"2",NA,"140","28",NA,NA,NA,NA,"31",NA,NA,NA,NA,NA,NA,"12",NA,NA,"4",NA,"2",NA,NA,NA,NA,NA,NA,"12000",NA,NA,NA,"30",NA,NA,NA,NA,"25",NA,NA,NA,"2","3",NA,NA,NA,"1",NA,NA,NA,"19","360",NA,"38",NA,NA,NA,NA,"7",NA,NA,NA,NA,NA,NA,NA,"520",NA,NA,NA,NA,NA,"31",NA,NA,"4",NA,NA,NA,NA,NA,"1",NA,NA,NA,"1",NA,NA,NA,NA,"110",NA,"4",NA,"3",NA,NA,NA,NA,"35","32","360",NA,NA,"24",NA,NA,NA,NA,NA,"5",NA,NA,NA,NA,"2600",NA,"1",NA,NA,"3",NA,NA,NA,NA,"85",NA,NA,NA,"3",NA,"5",NA,NA,"2","2",NA,NA,NA,NA,NA,NA,"46",NA,NA,"3",NA,NA,NA,NA,NA,NA,NA,NA,NA,"4",NA,"55",NA,"2","3",NA,"35",NA,"1",NA,NA,NA,"7",NA,NA,NA,NA,NA,NA,NA,NA,NA,NA,NA,"1",NA,NA,"3",NA,"51",NA,NA,NA,NA,NA,NA,"8",NA,NA,NA,NA,"2",NA,NA,NA,NA,NA,NA,NA,NA,"130",NA,NA,NA,NA,"4",NA,NA,NA,NA,NA,NA,NA,"19",NA,NA,NA,NA,NA,NA,NA,NA,NA
"24",1968,NA,NA,NA,"11","1100","15","56","9",NA,"27",NA,"230","110",NA,NA,NA,NA,NA,NA,"7",NA,"180","110",NA,NA,NA,NA,"26","930",NA,NA,NA,NA,NA,"3","10",NA,"13","1",NA,NA,NA,NA,NA,NA,NA,"12000",NA,"3","5","21",NA,NA,NA,NA,"44",NA,NA,NA,"28",NA,NA,NA,NA,NA,NA,NA,NA,"7","130",NA,"5",NA,"2",NA,NA,"5",NA,NA,NA,NA,NA,NA,NA,"880","110",NA,NA,NA,NA,"18",NA,NA,"2","280",NA,NA,NA,NA,NA,"3",NA,NA,"1",NA,NA,NA,NA,"90",NA,"4",NA,NA,NA,"4",NA,NA,NA,"87","1000",NA,NA,"15",NA,NA,NA,NA,NA,"1",NA,NA,NA,NA,"3300",NA,NA,NA,NA,"53","8",NA,NA,NA,"100",NA,NA,NA,"16","1","21",NA,NA,"11","5",NA,NA,NA,NA,NA,NA,"2",NA,NA,"1",NA,NA,NA,NA,NA,NA,NA,NA,NA,"7",NA,"120",NA,"2",NA,NA,"47",NA,"2",NA,"1",NA,"7",NA,"2",NA,NA,NA,NA,NA,NA,NA,NA,"2","2",NA,NA,"2",NA,"56",NA,NA,NA,NA,NA,NA,"26",NA,NA,NA,NA,"8",NA,NA,NA,NA,NA,NA,NA,NA,"48",NA,NA,"2",NA,"73",NA,NA,NA,NA,NA,NA,NA,"9",NA,NA,NA,NA,NA,NA,NA,NA,NA
"25",1969,NA,NA,NA,"17","990","9","31","12",NA,"350",NA,"9","620",NA,NA,NA,NA,NA,"2","8",NA,"290","45",NA,NA,NA,NA,"31",NA,NA,NA,NA,NA,NA,"1",NA,NA,"9",NA,"2",NA,NA,NA,NA,NA,NA,"14000",NA,"1",NA,NA,NA,NA,NA,NA,"36",NA,NA,NA,"130",NA,NA,NA,NA,NA,NA,NA,NA,NA,"100",NA,"9",NA,"2",NA,NA,"7",NA,NA,NA,NA,NA,NA,NA,"1800","73",NA,NA,NA,NA,"31","1",NA,"6",NA,NA,NA,NA,NA,NA,"3",NA,NA,NA,NA,NA,NA,NA,"690",NA,"8",NA,NA,NA,"8","2",NA,"27","120","940",NA,NA,"19",NA,NA,NA,NA,"1","4",NA,NA,NA,NA,"9000",NA,"2",NA,"6","14",NA,NA,NA,NA,"58",NA,"1",NA,"11","1","30",NA,NA,"19","2",NA,NA,NA,NA,NA,NA,"300",NA,NA,"2",NA,NA,NA,NA,"18",NA,NA,NA,NA,"5","2","1000","2","7","3",NA,"33",NA,"1",NA,NA,NA,"8",NA,NA,NA,NA,NA,NA,NA,NA,NA,"1",NA,"3",NA,NA,"3",NA,"19",NA,NA,NA,NA,NA,NA,"9",NA,NA,NA,NA,"6",NA,NA,NA,NA,NA,NA,NA,NA,"37",NA,NA,"4",NA,"7",NA,NA,NA,NA,NA,NA,NA,"8",NA,NA,NA,NA,NA,NA,NA,NA,NA
"26",1970,NA,NA,NA,"18","390","5","30","4",NA,"18",NA,"320","400",NA,NA,NA,NA,"1",NA,"13",NA,"110","28",NA,NA,NA,NA,"10",NA,NA,NA,NA,NA,NA,"3",NA,NA,"3",NA,"1",NA,NA,NA,NA,NA,NA,"18000",NA,NA,"11",NA,NA,NA,NA,"1","150",NA,NA,NA,"51",NA,NA,NA,NA,"1",NA,NA,NA,"30","100",NA,"43",NA,"8",NA,NA,"4",NA,NA,NA,NA,NA,NA,NA,"1400","310",NA,"1",NA,NA,"7",NA,NA,NA,NA,NA,NA,NA,NA,NA,NA,NA,NA,"6",NA,NA,NA,NA,"14",NA,"3",NA,"2",NA,"1",NA,NA,"1100","220","2200",NA,NA,"36","10",NA,NA,NA,"4","1",NA,"1",NA,NA,"1500",NA,"2",NA,NA,"2","2",NA,NA,NA,"58","1",NA,NA,"7",NA,"4",NA,NA,NA,"3",NA,"1",NA,NA,NA,"1",NA,NA,NA,NA,NA,"1",NA,NA,"1",NA,NA,NA,NA,"1",NA,"1500",NA,"6","1",NA,"21",NA,NA,NA,NA,NA,"6",NA,NA,NA,NA,NA,NA,NA,NA,NA,"1","1",NA,NA,NA,"2",NA,"9",NA,NA,NA,NA,NA,NA,"20",NA,NA,NA,NA,"4",NA,NA,NA,NA,NA,NA,NA,NA,"38",NA,NA,NA,NA,"37",NA,NA,NA,NA,NA,NA,NA,"19",NA,NA,NA,NA,NA,NA,NA,NA,NA
"27",1971,NA,NA,NA,"18","720","11","8","11",NA,"48",NA,"74","180",NA,NA,"1",NA,NA,NA,"12",NA,"220","72",NA,NA,NA,NA,"18",NA,NA,NA,NA,NA,NA,"1",NA,NA,"16",NA,"1",NA,NA,NA,NA,NA,"1","15000",NA,NA,NA,"28",NA,NA,NA,NA,"27",NA,NA,NA,"18","1",NA,NA,NA,"2",NA,NA,NA,"7","65",NA,"5",NA,"1",NA,NA,"8",NA,NA,NA,NA,NA,NA,NA,"2000","7",NA,"1",NA,"1","59","5",NA,"1",NA,NA,NA,"1",NA,"3",NA,NA,NA,"5",NA,NA,NA,NA,"300",NA,"3",NA,NA,NA,"4",NA,NA,"61","82","720",NA,"6","24",NA,NA,NA,NA,NA,NA,NA,NA,NA,NA,"3400","1",NA,NA,NA,"8",NA,NA,NA,NA,"93",NA,NA,NA,"14",NA,"28","1",NA,NA,"1",NA,NA,NA,NA,NA,NA,NA,NA,NA,"1",NA,"18",NA,NA,NA,NA,NA,NA,NA,"4","2","32",NA,"9","5",NA,"25",NA,"2",NA,NA,NA,"24",NA,"1",NA,NA,NA,NA,NA,NA,NA,NA,"1","3",NA,NA,"8",NA,"22",NA,NA,NA,NA,NA,NA,"49",NA,NA,NA,NA,"6",NA,NA,NA,NA,NA,NA,NA,NA,"78",NA,NA,"2",NA,"25",NA,NA,NA,NA,NA,NA,NA,"21",NA,NA,NA,NA,NA,NA,NA,"3",NA
"28",1972,NA,NA,NA,NA,"248","13","9","14",NA,"40",NA,"98","6",NA,NA,"1",NA,NA,NA,"3",NA,"209","24",NA,NA,NA,NA,"15","905",NA,NA,NA,NA,NA,"1",NA,NA,"8",NA,NA,NA,NA,NA,NA,NA,NA,"10976",NA,NA,"125","2",NA,NA,NA,"4","4",NA,NA,NA,"17",NA,NA,NA,NA,NA,NA,NA,NA,"4","134",NA,"32",NA,"5",NA,NA,"6",NA,NA,NA,NA,NA,NA,NA,"860","303",NA,NA,NA,NA,NA,NA,NA,"4","27",NA,NA,NA,NA,"2","3",NA,NA,NA,NA,NA,NA,"79",NA,NA,"5",NA,"5",NA,"2",NA,NA,"162","69","918",NA,"7","2","1",NA,NA,NA,NA,"1",NA,NA,NA,NA,"714",NA,NA,NA,NA,"35",NA,NA,NA,NA,"54","1",NA,NA,"6",NA,"1",NA,NA,NA,"2",NA,NA,NA,NA,NA,NA,NA,NA,NA,"3",NA,"1","cw",NA,"5",NA,NA,NA,NA,"6","1","182","21","1",NA,NA,"19",NA,NA,NA,NA,NA,"10",NA,NA,NA,NA,NA,NA,NA,NA,NA,NA,NA,NA,NA,NA,"1",NA,"31",NA,NA,NA,NA,NA,"1","51",NA,NA,NA,NA,"9",NA,NA,NA,NA,NA,NA,NA,NA,"44",NA,NA,"3",NA,"44",NA,NA,NA,NA,NA,NA,NA,"cw",NA,NA,NA,NA,NA,NA,NA,NA,NA
"29",1973,NA,NA,NA,"15","29","6","55","6",NA,"12",NA,"68","107",NA,NA,"1",NA,NA,NA,"13",NA,"192","49",NA,NA,NA,NA,"26",NA,"cw",NA,NA,NA,NA,NA,NA,NA,"13",NA,"1",NA,NA,NA,NA,NA,NA,"8100",NA,NA,"1",NA,NA,NA,NA,NA,"3",NA,NA,"1","34","4",NA,NA,NA,NA,NA,NA,NA,"2","112",NA,"11",NA,"1",NA,NA,"10",NA,NA,NA,NA,NA,NA,NA,"1706","337",NA,NA,NA,NA,"8",NA,NA,"1",NA,NA,NA,NA,NA,"7","1",NA,NA,NA,NA,NA,NA,"138",NA,NA,"6",NA,NA,NA,"8",NA,NA,"334","122","1279",NA,NA,"23",NA,NA,NA,NA,NA,NA,NA,NA,NA,"1","2621","1",NA,NA,NA,"24",NA,NA,NA,NA,"71",NA,"1",NA,"9",NA,"25",NA,NA,NA,"4",NA,NA,NA,NA,NA,NA,"24",NA,NA,"2",NA,"15",NA,NA,NA,NA,NA,NA,NA,"8","1","536",NA,"3","9",NA,"22","456",NA,NA,NA,NA,"28","12",NA,NA,NA,NA,NA,NA,NA,NA,NA,NA,"2",NA,NA,"2",NA,"25",NA,NA,NA,NA,NA,"1","9",NA,NA,NA,NA,"2",NA,NA,NA,NA,NA,NA,NA,"1","95",NA,NA,NA,NA,"29",NA,NA,NA,NA,NA,NA,NA,"37",NA,NA,NA,"1",NA,NA,NA,"2",NA
"30",1974,NA,NA,NA,"10","623","15","24","16",NA,"88",NA,"268","164",NA,NA,"3",NA,NA,NA,"11",NA,"248","69",NA,NA,NA,NA,"23",NA,NA,NA,NA,NA,NA,NA,NA,NA,"12",NA,"2",NA,NA,NA,NA,NA,NA,"16258",NA,"2","3","115",NA,NA,NA,"2","15",NA,NA,NA,"46","4",NA,NA,NA,"1",NA,NA,NA,"39","146",NA,"26",NA,"14",NA,NA,"24",NA,NA,NA,NA,NA,NA,NA,"3021","61",NA,"1",NA,"1",NA,"5",NA,"9",NA,NA,NA,NA,NA,"4","5",NA,NA,"4",NA,NA,NA,"48",NA,NA,"20",NA,"5",NA,"11",NA,NA,"547","69","1094",NA,NA,"20",NA,NA,NA,NA,NA,NA,NA,NA,NA,NA,"1455",NA,"1",NA,"1","92",NA,NA,NA,NA,"200",NA,"3",NA,"16","1","12",NA,NA,NA,"1",NA,"1",NA,"1","1",NA,"220",NA,NA,"4",NA,"50",NA,NA,"45",NA,NA,NA,NA,"10","2","676","7","14","1",NA,"3","475","1",NA,"1",NA,"14","3",NA,NA,NA,NA,NA,NA,NA,NA,NA,"3",NA,NA,NA,"3",NA,"24",NA,NA,NA,NA,NA,"3","72","1",NA,NA,NA,"26",NA,NA,NA,NA,NA,NA,NA,NA,"82",NA,NA,"5",NA,"19",NA,"2",NA,NA,NA,NA,NA,"11",NA,NA,NA,NA,NA,NA,NA,NA,NA
"31",1975,NA,NA,NA,"11","250","35","10","19",NA,"23",NA,"244","94",NA,NA,"6",NA,NA,NA,"12",NA,"287","42",NA,NA,NA,NA,"13",NA,NA,NA,NA,NA,NA,NA,NA,NA,"14",NA,NA,NA,NA,NA,NA,NA,NA,"20025",NA,"17","1","cw",NA,NA,NA,NA,"20","1",NA,NA,"4","1","2",NA,NA,NA,NA,NA,NA,"21","195",NA,"5",NA,"2",NA,NA,"20",NA,NA,NA,NA,NA,NA,NA,"1428","34","1",NA,NA,NA,NA,"14",NA,"6",NA,NA,NA,NA,NA,"4","6",NA,NA,"5",NA,NA,NA,"85",NA,NA,"6",NA,"3","1","6",NA,NA,"605","69","1029",NA,"1","59",NA,NA,NA,NA,NA,"5",NA,NA,NA,NA,"656",NA,"1",NA,NA,"43",NA,"6",NA,NA,"88","1","1",NA,"10",NA,"5",NA,NA,NA,"7",NA,NA,NA,NA,NA,NA,"3",NA,NA,"2","1","133",NA,NA,"4",NA,NA,NA,NA,"11",NA,"196",NA,"1",NA,"1","9","233",NA,NA,NA,NA,"12","2",NA,NA,NA,NA,NA,NA,NA,NA,NA,"1",NA,NA,NA,"5",NA,"46",NA,NA,NA,NA,NA,NA,"54",NA,NA,NA,NA,"8",NA,NA,NA,NA,NA,NA,NA,NA,"223",NA,NA,"12",NA,"45",NA,NA,NA,NA,NA,NA,NA,"101",NA,NA,NA,NA,NA,NA,NA,NA,NA
"32",1976,"1",NA,NA,"19","1756","5","153","23","1","441","1","526","120",NA,NA,"3",NA,NA,NA,"20",NA,"502","114",NA,"12",NA,NA,"13","224","370",NA,NA,NA,NA,NA,NA,NA,"27",NA,NA,"20",NA,NA,NA,NA,NA,"15400",NA,"10","14","39",NA,NA,NA,NA,"8","cw",NA,NA,"82","9",NA,NA,NA,"1",NA,NA,NA,"19","294",NA,"99",NA,NA,NA,NA,"27",NA,NA,NA,NA,NA,NA,NA,"2777","197","2",NA,"1",NA,"9","2",NA,"6","50",NA,NA,NA,NA,"3","8",NA,NA,"1",NA,NA,NA,"66",NA,NA,"14",NA,"5",NA,"6",NA,NA,"233","204","931",NA,"7","41",NA,NA,NA,NA,NA,"3",NA,NA,NA,NA,"1631",NA,"1",NA,NA,"88","2",NA,NA,NA,"185","1",NA,NA,"16","1","5",NA,NA,NA,"4",NA,NA,NA,"cw","1",NA,"82",NA,NA,"7","4","164",NA,NA,"16",NA,NA,NA,NA,"16",NA,"4183",NA,"5","3","2","22","909","1",NA,NA,NA,"13","7",NA,NA,NA,NA,NA,NA,NA,NA,NA,"6",NA,NA,NA,"cw",NA,"136",NA,NA,"7",NA,NA,"2","76",NA,NA,NA,NA,"52",NA,NA,NA,NA,NA,NA,NA,NA,"89",NA,NA,"17",NA,"120",NA,"2",NA,NA,NA,NA,NA,"36",NA,NA,NA,NA,NA,NA,NA,NA,NA
"33",1977,"1",NA,NA,"9","644","6","61","33",NA,"21","2","332","184",NA,NA,"2",NA,NA,NA,"20",NA,"241","56","1",NA,NA,NA,"21",NA,NA,NA,NA,NA,NA,"29",NA,NA,"6",NA,NA,NA,NA,NA,NA,NA,NA,"17500",NA,"3","11","20",NA,NA,NA,"2","8",NA,NA,NA,"5","1",NA,NA,NA,"1",NA,NA,NA,"76","333",NA,"37",NA,NA,NA,NA,"21",NA,NA,NA,NA,NA,NA,NA,"2390","25","1",NA,NA,"2","1","7",NA,"5",NA,NA,NA,NA,NA,"17","15",NA,NA,"1",NA,NA,NA,"85",NA,NA,"11",NA,"2",NA,"5",NA,NA,"245","154","583",NA,"1","43",NA,NA,NA,"8","2","3",NA,NA,NA,NA,"4510",NA,"cw",NA,NA,"7","1",NA,NA,NA,"139",NA,NA,NA,"27",NA,"8","2",NA,NA,"5",NA,"1",NA,NA,NA,NA,"128",NA,NA,"6",NA,"40",NA,NA,"12",NA,NA,NA,NA,"6",NA,"346","23","1","6","4","20","459","5",NA,NA,NA,"16","1",NA,NA,NA,NA,NA,NA,NA,NA,"1","cw","1",NA,NA,"3",NA,"59",NA,NA,NA,NA,NA,"2","110",NA,NA,NA,NA,"26",NA,NA,NA,NA,NA,NA,NA,NA,"161",NA,NA,"27",NA,"86",NA,NA,NA,NA,NA,NA,NA,"61",NA,NA,NA,NA,NA,NA,NA,NA,NA
"34",1978,NA,NA,NA,"1","321",NA,"7","17","1","137","2","190","105",NA,NA,"2",NA,NA,NA,"24",NA,"274","25",NA,NA,NA,NA,"12","570",NA,NA,NA,NA,NA,NA,NA,NA,"16",NA,"1",NA,NA,NA,NA,NA,NA,"11900",NA,"3","cw","200",NA,NA,NA,NA,"7","cw",NA,NA,"8",NA,NA,NA,NA,"2",NA,NA,NA,"3","169",NA,"54",NA,NA,NA,NA,"15",NA,NA,NA,NA,NA,NA,NA,"1451","234",NA,NA,NA,"1","4",NA,NA,"7","500",NA,NA,NA,NA,"11","8",NA,NA,NA,NA,NA,NA,"60",NA,NA,"15",NA,"3",NA,NA,NA,NA,"117","139","388",NA,"2","5",NA,NA,NA,NA,"4",NA,NA,NA,"cw",NA,"347",NA,"2",NA,NA,"47",NA,NA,NA,NA,"107",NA,NA,NA,"15",NA,"3",NA,NA,NA,"12",NA,NA,NA,NA,NA,"7","12",NA,NA,"2",NA,"20",NA,NA,"6",NA,NA,NA,NA,"5","2","87","4",NA,"5",NA,"16","249",NA,NA,NA,NA,"10",NA,NA,NA,NA,NA,NA,NA,NA,NA,NA,"1","1",NA,NA,NA,NA,"56",NA,NA,NA,"1",NA,NA,"38",NA,NA,NA,NA,"4",NA,NA,NA,NA,NA,NA,NA,NA,"50",NA,NA,"7",NA,"14",NA,"1",NA,NA,NA,NA,NA,"33",NA,"1",NA,NA,NA,NA,NA,NA,NA
"35",1979,NA,NA,NA,NA,"362","4","31","23",NA,"17",NA,"198","125",NA,NA,"2",NA,NA,NA,"27",NA,"193","71",NA,NA,NA,NA,"28",NA,NA,NA,NA,NA,NA,NA,NA,NA,"11",NA,"1",NA,NA,NA,NA,NA,NA,"9840",NA,"8","1","75",NA,NA,NA,NA,"24","5",NA,NA,"24","1",NA,NA,NA,NA,NA,NA,NA,"6","339",NA,"12",NA,NA,NA,NA,"22",NA,NA,NA,NA,NA,NA,NA,"2358","125",NA,"1",NA,"1","2",NA,NA,"3",NA,NA,NA,NA,NA,"5","4",NA,NA,NA,NA,NA,NA,"91",NA,NA,"3",NA,"1",NA,"10",NA,NA,"51","128","226",NA,NA,"14","1",NA,NA,NA,"3","2",NA,NA,NA,NA,"886",NA,"1",NA,NA,"20",NA,NA,NA,NA,"95",NA,NA,NA,"7","1","4",NA,NA,"9","10",NA,NA,NA,NA,NA,NA,"33",NA,NA,"1",NA,"18",NA,NA,"2",NA,NA,NA,NA,"10",NA,"2476",NA,NA,"5",NA,"15","214","1",NA,NA,NA,"10",NA,NA,NA,NA,"1",NA,NA,NA,NA,NA,"4",NA,NA,NA,NA,NA,"104",NA,NA,NA,NA,NA,NA,"25",NA,NA,NA,NA,"11",NA,"1",NA,NA,NA,NA,NA,NA,"19",NA,NA,"3",NA,"18",NA,NA,NA,NA,NA,NA,NA,"18",NA,"1",NA,NA,"6",NA,NA,NA,NA
"36",1980,NA,NA,NA,"10","731","9","159","31",NA,"786",NA,"551","100",NA,NA,NA,NA,NA,NA,"29",NA,"420","115",NA,NA,"190",NA,"53",NA,NA,NA,NA,NA,NA,"19",NA,NA,"10",NA,"1",NA,NA,NA,NA,NA,NA,"8260",NA,"14","6","12",NA,NA,NA,NA,"29","2",NA,NA,"41","1",NA,NA,NA,NA,NA,NA,NA,"9","308",NA,"33",NA,"8",NA,NA,"23",NA,NA,NA,NA,NA,NA,NA,"4489","19",NA,NA,NA,NA,NA,"2",NA,NA,NA,NA,NA,NA,NA,"13","8",NA,NA,NA,NA,NA,NA,"34",NA,NA,"10",NA,NA,"1","5",NA,NA,"186","356","475",NA,NA,"39",NA,NA,NA,NA,"2","1",NA,NA,NA,NA,"1162",NA,"2",NA,NA,"55","5",NA,NA,NA,"185","2",NA,NA,"9","cw","7",NA,NA,NA,NA,NA,NA,NA,NA,NA,NA,"507",NA,NA,"8","1","21","1","12","10",NA,NA,NA,NA,"11","2","442",NA,"4","38","2","41","458",NA,NA,NA,NA,"2",NA,NA,NA,NA,NA,NA,NA,NA,NA,"1","4",NA,"1",NA,NA,NA,"63",NA,NA,NA,NA,NA,NA,"69",NA,NA,NA,NA,"33",NA,NA,NA,"cw",NA,NA,NA,NA,"28",NA,NA,"33",NA,"93",NA,NA,NA,NA,NA,NA,NA,"8",NA,NA,NA,NA,NA,NA,NA,NA,NA
"37",1981,NA,NA,NA,NA,"357","15","81","34",NA,"39",NA,"222","106",NA,NA,"2",NA,NA,NA,"41",NA,"333","126",NA,NA,NA,NA,"36","105",NA,NA,NA,NA,NA,"1","cw",NA,"13",NA,"2",NA,NA,NA,NA,NA,NA,"12842",NA,"8","16","22",NA,NA,NA,NA,"14",NA,NA,NA,"14","8",NA,NA,NA,NA,NA,NA,NA,"10","320",NA,"108",NA,NA,NA,NA,"26",NA,"1",NA,NA,NA,NA,NA,"4426","100",NA,NA,NA,NA,"8","1",NA,"6","1",NA,NA,NA,NA,"9","2",NA,NA,NA,NA,"2",NA,"67",NA,NA,"1",NA,NA,NA,"3",NA,NA,"163","167","487",NA,NA,"22",NA,NA,NA,NA,NA,"2",NA,NA,NA,NA,"521",NA,"2",NA,NA,"29","6",NA,NA,NA,"141",NA,"2",NA,"11",NA,NA,NA,NA,"75","1",NA,NA,NA,NA,NA,NA,"152",NA,NA,"3",NA,"5",NA,NA,"44",NA,NA,NA,NA,"5",NA,"1545","67","12","7","1","51","228",NA,NA,NA,NA,"11",NA,NA,NA,NA,NA,NA,NA,NA,NA,"cw","2",NA,NA,NA,NA,NA,"58",NA,NA,NA,NA,NA,"1","9",NA,NA,NA,NA,"9",NA,NA,NA,NA,NA,NA,NA,NA,"25",NA,NA,"3",NA,"49",NA,NA,NA,NA,NA,NA,NA,"11",NA,"1",NA,NA,NA,NA,NA,NA,NA
"38",1982,NA,NA,NA,NA,"125","9","63","51",NA,"61",NA,"472","113",NA,NA,"3",NA,NA,NA,"31",NA,"307","98",NA,NA,NA,NA,"75",NA,NA,NA,NA,NA,NA,NA,NA,NA,"13",NA,NA,NA,"2",NA,NA,NA,NA,"15740",NA,"10","7",NA,NA,NA,NA,NA,"17",NA,NA,NA,"7","10",NA,NA,NA,"2",NA,NA,NA,"38","191",NA,"99",NA,"4",NA,NA,"33",NA,NA,NA,"1","2",NA,NA,"5650","56",NA,NA,NA,NA,"2",NA,NA,"1",NA,NA,NA,NA,NA,"10","11",NA,NA,"1",NA,NA,NA,NA,"30",NA,"2",NA,"4",NA,"2",NA,NA,"98","178","533","1","3","5",NA,NA,NA,"5",NA,NA,NA,NA,NA,NA,"591","3",NA,NA,NA,"51","13","3",NA,NA,"165",NA,"1",NA,"18",NA,NA,NA,NA,"26","1",NA,NA,NA,NA,"1",NA,"260",NA,NA,"4",NA,"33",NA,NA,"4",NA,NA,NA,NA,"13","2","96",NA,"2","4","7","25","348","1",NA,NA,NA,"13","1",NA,NA,NA,NA,NA,NA,NA,NA,NA,"2",NA,NA,NA,"cw",NA,"95",NA,NA,"143",NA,NA,"5","30",NA,NA,NA,NA,"12",NA,NA,NA,NA,"1",NA,NA,NA,"17",NA,NA,"25",NA,"109",NA,NA,NA,NA,NA,NA,NA,"12",NA,"1",NA,"1",NA,NA,NA,"1",NA
"39",1983,NA,NA,NA,NA,"85","12","186","24",NA,"435",NA,"566","10",NA,NA,"7",NA,NA,NA,"8",NA,"203","56",NA,NA,NA,NA,"36","1576","117",NA,NA,NA,NA,NA,NA,NA,"1",NA,NA,NA,NA,NA,NA,NA,NA,"9789",NA,"1","1","201",NA,NA,NA,NA,"17","2",NA,NA,"33","5","1",NA,NA,"2",NA,"135",NA,"6","80",NA,"45",NA,"4",NA,NA,"19",NA,NA,NA,NA,"cw",NA,NA,"1523","26",NA,NA,NA,NA,NA,NA,"1","1","2",NA,NA,NA,NA,"4","9",NA,NA,NA,NA,NA,NA,"24",NA,NA,NA,NA,"3",NA,"3",NA,NA,"723","361","655",NA,NA,"6",NA,NA,NA,NA,"cw","1",NA,NA,"2",NA,"448",NA,"2",NA,NA,"7",NA,NA,NA,NA,"83",NA,NA,NA,"39",NA,"3",NA,NA,"27","1",NA,NA,NA,NA,NA,"cw","242",NA,NA,"1","cw",NA,NA,NA,NA,NA,NA,NA,NA,"7","2","723",NA,"2","1","3","62","85",NA,NA,NA,NA,"11",NA,NA,NA,NA,NA,NA,NA,NA,NA,NA,"2","2",NA,"3","2",NA,"90",NA,NA,NA,NA,NA,NA,"4",NA,NA,NA,NA,"8",NA,NA,NA,NA,NA,NA,NA,NA,"42",NA,NA,"2",NA,"111",NA,"2",NA,NA,NA,NA,NA,"12",NA,NA,NA,NA,NA,NA,NA,NA,"cw"
"40",1984,"1",NA,NA,"1","184","19","90","45",NA,"812",NA,"380","43",NA,NA,"2",NA,NA,NA,"14",NA,"298","155","1",NA,NA,NA,"57","3336",NA,NA,NA,NA,NA,NA,NA,NA,"10",NA,NA,NA,NA,NA,NA,NA,NA,"5920",NA,NA,"10","135",NA,NA,NA,"5","17","cw",NA,NA,"13","16","63",NA,NA,NA,NA,"256",NA,"2","100",NA,"72",NA,NA,NA,NA,"21",NA,NA,NA,NA,"cw",NA,NA,"2301","270",NA,NA,NA,NA,"61",NA,NA,"4","26",NA,NA,NA,NA,"8","7",NA,NA,"3",NA,NA,NA,"85",NA,NA,"7",NA,"3",NA,"4",NA,NA,NA,"234","1168",NA,NA,"3",NA,NA,NA,NA,"2",NA,NA,NA,NA,NA,"1010",NA,NA,NA,"1","135",NA,NA,NA,NA,"111","2",NA,NA,"7",NA,"4",NA,NA,"40","4",NA,NA,NA,NA,NA,"14","1128",NA,NA,"1",NA,"135",NA,NA,"83",NA,NA,NA,NA,"14","4","1294","145",NA,NA,NA,"27","963",NA,NA,NA,NA,"22",NA,NA,NA,NA,NA,NA,NA,NA,NA,NA,"1",NA,NA,NA,"5",NA,"40",NA,NA,NA,NA,NA,"1","38",NA,NA,NA,NA,"12",NA,NA,NA,NA,NA,NA,NA,NA,"12",NA,NA,"22",NA,"19",NA,NA,NA,NA,NA,NA,NA,"2",NA,"2",NA,NA,NA,NA,NA,NA,NA
"41",1985,"1",NA,NA,NA,"104","9","61","27",NA,"23",NA,"115","49",NA,NA,"12",NA,NA,NA,"11",NA,"338","136","1",NA,NA,NA,"42","110",NA,NA,NA,NA,NA,NA,NA,NA,"8",NA,NA,NA,"2",NA,NA,NA,NA,"2973",NA,NA,"6","8",NA,NA,NA,NA,"22","1",NA,NA,"12","7",NA,NA,NA,NA,NA,"151",NA,"9","54",NA,"22",NA,NA,NA,NA,"24",NA,NA,NA,NA,NA,NA,NA,"3362","203",NA,"2",NA,NA,"2",NA,NA,"7","125",NA,NA,NA,NA,"1","7",NA,NA,"1",NA,NA,NA,"80",NA,NA,"14",NA,"1",NA,"3",NA,NA,"5","689","987",NA,NA,NA,NA,NA,NA,NA,"1",NA,NA,NA,NA,NA,"1223",NA,"2",NA,NA,"67","9",NA,NA,NA,"119",NA,"2",NA,"1","1","5",NA,NA,"25","2",NA,NA,NA,NA,NA,NA,"378",NA,NA,"2",NA,"15",NA,NA,"4",NA,NA,NA,NA,"8",NA,"552",NA,NA,NA,NA,"22","563",NA,NA,NA,NA,"25",NA,NA,NA,NA,NA,NA,NA,NA,NA,NA,"1",NA,NA,NA,NA,NA,"20",NA,NA,NA,NA,NA,NA,"31",NA,NA,NA,NA,"13",NA,NA,NA,NA,NA,NA,NA,NA,"20",NA,NA,"11",NA,"11",NA,NA,NA,NA,NA,"20",NA,"6",NA,NA,NA,NA,NA,NA,NA,NA,NA
"42",1986,NA,NA,NA,"8","159","12","101","37",NA,"162",NA,"166","127",NA,NA,"6",NA,NA,NA,"21",NA,"514","122",NA,NA,NA,NA,"61","27",NA,NA,NA,NA,NA,"1",NA,NA,"13",NA,NA,NA,"3",NA,NA,NA,NA,"12295",NA,NA,"2",NA,NA,NA,NA,"20","29","1",NA,NA,"7","3",NA,NA,NA,NA,NA,"122",NA,"23","91",NA,"20",NA,NA,NA,NA,"25",NA,NA,NA,NA,NA,NA,NA,"2973","230",NA,"2",NA,NA,"16","2",NA,"1",NA,NA,NA,NA,NA,"5","10",NA,NA,NA,NA,NA,NA,NA,"14",NA,"5",NA,"4",NA,"9",NA,NA,NA,"369","638",NA,"1","9",NA,NA,NA,NA,"9",NA,NA,NA,NA,NA,"1266",NA,NA,NA,NA,"36",NA,NA,NA,NA,"102",NA,"2",NA,"2",NA,"3","1",NA,"30","3",NA,NA,NA,NA,NA,NA,"810",NA,NA,"5",NA,"10",NA,NA,"58",NA,NA,NA,NA,"10",NA,"269","2","3",NA,"1","8","1056",NA,NA,NA,NA,"18","1",NA,NA,NA,NA,NA,NA,NA,NA,NA,"1",NA,NA,NA,NA,NA,"33",NA,NA,NA,NA,NA,NA,"49",NA,NA,NA,NA,"41",NA,NA,NA,NA,NA,NA,NA,NA,"49",NA,NA,"6",NA,"13",NA,NA,NA,NA,NA,NA,NA,"10",NA,"3",NA,NA,"1",NA,NA,NA,NA
"43",1987,NA,NA,NA,"5","166","10","65","36",NA,"274",NA,"153","116",NA,NA,"23",NA,NA,NA,"21",NA,"450","127",NA,NA,NA,NA,"61","4220",NA,NA,NA,NA,NA,NA,NA,NA,"10",NA,NA,NA,"1",NA,NA,NA,NA,"6760",NA,NA,"12","43",NA,NA,NA,NA,"13","1",NA,NA,"1","35",NA,NA,NA,NA,NA,"238",NA,"9","46",NA,"19",NA,"10",NA,NA,"24",NA,NA,NA,"6","1",NA,NA,"3200","217",NA,"1",NA,NA,"14","11",NA,"10","40",NA,NA,NA,NA,"5","1",NA,NA,"2",NA,NA,NA,NA,"26",NA,"8",NA,"1",NA,"1",NA,NA,"96","423","1379",NA,"3","5",NA,NA,NA,NA,"1",NA,NA,NA,NA,NA,"1075","1",NA,NA,NA,"40","7",NA,NA,NA,"130",NA,"1",NA,"6",NA,NA,"1",NA,"61","2",NA,NA,NA,NA,NA,NA,"525",NA,NA,"2",NA,"1",NA,NA,"15",NA,NA,NA,NA,"14",NA,"204","3",NA,"6","2","15","916",NA,NA,NA,NA,"13",NA,NA,NA,NA,NA,NA,NA,NA,NA,NA,"1",NA,NA,NA,"2",NA,"33",NA,"1",NA,NA,"2",NA,"49",NA,"1",NA,NA,"15",NA,NA,NA,NA,NA,"1",NA,"1","17",NA,NA,"6",NA,"12",NA,NA,NA,NA,NA,NA,NA,"15",NA,NA,NA,NA,NA,NA,NA,NA,NA
"44",1988,"1",NA,NA,NA,"127","16","190","40",NA,"967",NA,"135","127",NA,NA,"11",NA,NA,NA,"33",NA,"383","110",NA,NA,NA,NA,"56",NA,NA,NA,NA,NA,NA,NA,NA,NA,"6",NA,NA,NA,NA,NA,NA,NA,NA,"5418","1","2","38","12",NA,NA,NA,NA,"20","1",NA,NA,"4","7",NA,NA,NA,"2",NA,"256",NA,"6","140",NA,"38",NA,"5",NA,NA,"19",NA,NA,NA,"2","2",NA,NA,"3402","142","1","3",NA,NA,"12","26",NA,"6",NA,NA,NA,NA,NA,"6","6",NA,NA,"4",NA,NA,NA,NA,"59",NA,"5",NA,"2","1","7",NA,NA,"60","627","1740",NA,"2","3",NA,NA,NA,NA,NA,NA,NA,NA,NA,NA,"1596",NA,"1",NA,NA,"30","6",NA,NA,NA,"115",NA,"1",NA,"10",NA,"8",NA,NA,"110","5",NA,NA,NA,NA,NA,NA,"94",NA,NA,"1",NA,"106",NA,NA,"3",NA,NA,NA,NA,"10",NA,"172",NA,NA,"5","2","12","1471",NA,NA,NA,"10","15",NA,NA,NA,NA,"1",NA,NA,NA,NA,NA,"2",NA,NA,NA,NA,NA,"34",NA,NA,NA,NA,"1",NA,"24",NA,NA,NA,NA,"26",NA,NA,NA,NA,NA,"1","1",NA,"43",NA,NA,"6",NA,"80",NA,NA,NA,NA,NA,"1",NA,"5",NA,NA,NA,NA,NA,NA,NA,NA,NA
"45",1989,NA,NA,NA,NA,"352","12","48","23",NA,"1232",NA,"249","35",NA,NA,"16",NA,NA,NA,"13",NA,"340","208",NA,NA,NA,NA,"103","122",NA,NA,NA,NA,NA,NA,NA,NA,"24",NA,NA,NA,NA,NA,NA,NA,NA,"16433",NA,"3","54","16",NA,NA,NA,NA,"12","2",NA,NA,"19","6","1",NA,NA,"1",NA,"177",NA,"4","121",NA,"4",NA,NA,NA,NA,"24",NA,NA,NA,NA,"4",NA,NA,"2196","253",NA,"2",NA,NA,"18","7",NA,"10",NA,NA,NA,NA,"1","9","4",NA,NA,"1",NA,NA,"1",NA,"94","1","cw",NA,"3",NA,"2",NA,"1","528","416","672",NA,"7","8",NA,NA,NA,NA,"1",NA,NA,NA,NA,NA,"930",NA,"cw",NA,NA,"88","2",NA,NA,NA,"108","1","1",NA,"7",NA,NA,NA,NA,"61","9",NA,NA,NA,NA,NA,NA,"318",NA,NA,"1",NA,"10",NA,NA,"25",NA,NA,NA,NA,"11",NA,"294",NA,NA,NA,NA,"13","978",NA,NA,NA,"8","13",NA,NA,NA,NA,NA,NA,NA,NA,NA,NA,"1",NA,NA,NA,NA,NA,"45",NA,NA,NA,NA,"1",NA,"29",NA,"1",NA,NA,"12",NA,NA,NA,NA,NA,"2",NA,NA,"38",NA,NA,"4",NA,"168",NA,"1",NA,NA,NA,NA,NA,"13",NA,"1",NA,"cw",NA,NA,NA,NA,NA
"46",1990,"1",NA,NA,NA,"148","7","147","19",NA,"662",NA,"174","39",NA,NA,"6",NA,NA,NA,"13",NA,"272","120",NA,NA,NA,NA,"55","414",NA,NA,"1",NA,NA,NA,NA,NA,"1",NA,NA,NA,"1",NA,NA,NA,NA,"8308",NA,"3","7","8",NA,NA,NA,NA,"8","cw",NA,NA,"12","20",NA,NA,NA,NA,NA,"236",NA,NA,NA,NA,NA,NA,NA,NA,NA,"8",NA,NA,NA,NA,"2",NA,NA,"1400","28",NA,"3",NA,NA,"13",NA,NA,"3","45",NA,NA,NA,NA,"11","3",NA,NA,NA,NA,NA,NA,NA,"34",NA,"3",NA,"cw",NA,NA,NA,NA,"995","356","839",NA,NA,"7","2",NA,NA,NA,NA,"1","1",NA,NA,NA,"543",NA,"4",NA,NA,"8","3",NA,NA,NA,"101","1",NA,NA,"13",NA,NA,NA,NA,"30","2",NA,NA,NA,NA,NA,NA,"22",NA,"84","2",NA,"4",NA,NA,"4",NA,NA,NA,NA,"14",NA,"359",NA,NA,"cw",NA,"25","341",NA,NA,NA,NA,"9",NA,NA,NA,NA,NA,NA,NA,NA,NA,NA,"4",NA,NA,NA,"2",NA,"48",NA,NA,NA,NA,NA,NA,"40",NA,NA,NA,NA,"13",NA,NA,NA,NA,NA,NA,NA,NA,"1",NA,NA,NA,NA,"30",NA,"cw",NA,NA,NA,NA,NA,"13",NA,NA,NA,NA,NA,NA,NA,NA,NA
"47",1991,NA,NA,NA,NA,"173","16","108","49",NA,"332",NA,"366","108",NA,NA,"12",NA,NA,NA,"20",NA,"322","171",NA,NA,NA,NA,"89","cw",NA,NA,NA,NA,NA,NA,NA,NA,"22",NA,"2",NA,"1",NA,NA,NA,NA,"7739",NA,"4","3","60",NA,NA,NA,NA,"39",NA,NA,"2","25","14",NA,NA,NA,"1",NA,"313",NA,NA,NA,NA,NA,NA,NA,NA,NA,"31",NA,NA,NA,NA,"1",NA,NA,"3218","11",NA,"1",NA,NA,"29","19",NA,"2",NA,NA,NA,NA,NA,"4","3",NA,NA,NA,NA,NA,NA,NA,"65","2","1",NA,"3",NA,"1",NA,NA,"123","550","913",NA,NA,NA,NA,NA,NA,NA,"5","2",NA,NA,"1",NA,"985",NA,NA,NA,NA,"59",NA,NA,NA,NA,"192","2","1",NA,"9","1",NA,NA,NA,"16","4",NA,NA,NA,NA,NA,NA,"57",NA,NA,"3",NA,"15",NA,NA,"23",NA,NA,NA,NA,"10",NA,"1680","4","5","1",NA,"17","713","1",NA,NA,NA,"3",NA,NA,NA,NA,NA,"1",NA,NA,NA,NA,"1",NA,NA,NA,"2",NA,"28",NA,NA,NA,NA,NA,NA,"20",NA,"1",NA,NA,"19",NA,NA,NA,NA,NA,NA,NA,NA,"4",NA,NA,"9",NA,"12",NA,NA,NA,NA,NA,NA,NA,"24",NA,"1",NA,NA,NA,NA,NA,NA,NA
"48",1992,"1",NA,NA,"1","98","21","47","33",NA,"146",NA,"189","94",NA,NA,"16",NA,NA,NA,"30",NA,"298","204",NA,NA,NA,NA,"65",NA,NA,NA,NA,NA,NA,NA,NA,NA,"14",NA,NA,NA,"4",NA,NA,NA,NA,"7083",NA,"6","4","22",NA,NA,NA,"4","56","cw",NA,NA,"5","18",NA,NA,NA,"cw",NA,"372",NA,NA,NA,NA,NA,NA,NA,NA,NA,"23",NA,NA,NA,NA,"3",NA,NA,"2238","5",NA,"3",NA,NA,"21","7",NA,"14",NA,NA,NA,NA,NA,"13","6",NA,NA,NA,NA,NA,NA,NA,"92","1","9",NA,"4",NA,"1",NA,"4","320","377","993",NA,"1","7",NA,NA,NA,NA,"1","2",NA,NA,NA,NA,"1674","1","1",NA,NA,"97","cw",NA,"169",NA,NA,NA,"2",NA,"5",NA,"2",NA,NA,"86","3",NA,NA,NA,NA,"1",NA,"170",NA,NA,"4",NA,"29","1",NA,"40",NA,NA,NA,NA,"24",NA,"316",NA,NA,NA,"1","12","546","1",NA,NA,"2","20","1",NA,NA,NA,NA,"1",NA,NA,NA,NA,"3",NA,NA,NA,NA,NA,"63",NA,NA,NA,NA,"2",NA,"55",NA,NA,NA,NA,"34",NA,NA,NA,NA,NA,"1",NA,"5","22",NA,NA,"20",NA,"70",NA,"cw",NA,NA,NA,"5",NA,"17",NA,"1",NA,"cw","1",NA,"1",NA,NA
"49",1993,NA,NA,NA,NA,"1111","15","168","30",NA,"604",NA,"307","99",NA,NA,"19",NA,NA,NA,"29",NA,"427","266",NA,NA,NA,NA,"145","5",NA,NA,NA,NA,NA,NA,NA,"2","6",NA,NA,NA,"2",NA,NA,NA,NA,"13501",NA,"12","3","5",NA,NA,NA,"10","79","4",NA,"1","7","10",NA,NA,NA,NA,NA,"488",NA,NA,NA,NA,NA,NA,NA,NA,NA,"21",NA,NA,NA,NA,"1",NA,NA,"8478","25",NA,"3",NA,NA,"14","4",NA,"5","18",NA,NA,NA,NA,"18","7",NA,NA,NA,NA,NA,NA,NA,"60","1","7",NA,NA,NA,"4",NA,NA,"324","684","1160",NA,"1","8",NA,NA,NA,NA,"7","1",NA,NA,"2",NA,"1793","1","1",NA,NA,"55","2",NA,"237",NA,NA,NA,"cw",NA,"9",NA,NA,NA,NA,"81","5",NA,NA,NA,NA,"1",NA,"233",NA,NA,"3",NA,"36",NA,NA,"33",NA,NA,NA,NA,"19",NA,"385","14",NA,"5","1","8","821","cw",NA,NA,NA,"11",NA,NA,NA,NA,NA,NA,NA,NA,NA,NA,"5","2",NA,NA,NA,NA,"76",NA,NA,NA,NA,"2",NA,"68",NA,"1",NA,NA,"37",NA,NA,NA,NA,NA,"3","cw","1","11",NA,NA,"21",NA,"55",NA,NA,NA,NA,NA,"cw",NA,"12",NA,NA,NA,"cw","cw",NA,"2",NA,NA
"50",1994,NA,NA,NA,"17","419","8","96","47",NA,"562",NA,"246","108",NA,NA,"36",NA,NA,NA,"24",NA,"332","217",NA,NA,NA,NA,"129","cw",NA,NA,NA,NA,NA,"12",NA,"1","9","1","4",NA,NA,NA,NA,NA,NA,"15123",NA,"11","9","cw",NA,NA,NA,NA,"92","2",NA,NA,"9","6",NA,NA,NA,"2",NA,"260",NA,NA,NA,NA,NA,NA,NA,NA,NA,"25",NA,NA,NA,NA,"3",NA,"1","4283","49",NA,"5",NA,"1","7","15",NA,"12",NA,"1",NA,NA,NA,"32","4",NA,NA,NA,NA,NA,NA,NA,"16",NA,"3","1","1",NA,"3",NA,"2","109","546","824",NA,"3","5",NA,NA,NA,NA,"3",NA,NA,NA,"2",NA,"1024","1",NA,NA,NA,"6","2",NA,NA,NA,"192",NA,NA,NA,"23","1",NA,NA,NA,"64","2",NA,NA,NA,NA,NA,NA,"126",NA,NA,"3",NA,"1",NA,NA,"12",NA,NA,NA,NA,"24",NA,"2576",NA,"1","30","52","2","1195",NA,NA,NA,NA,"6","1",NA,NA,NA,NA,NA,NA,NA,NA,NA,"4",NA,NA,NA,NA,NA,"46",NA,NA,NA,NA,NA,NA,"18",NA,NA,NA,NA,"28",NA,NA,"1",NA,NA,"4",NA,"2","3",NA,NA,"2",NA,"11",NA,"1",NA,NA,NA,NA,NA,"4",NA,"8",NA,NA,NA,NA,NA,"1",NA
"51",1995,"1",NA,"1","509","1137","8","144","49",NA,"582",NA,"444","191",NA,NA,"45",NA,NA,NA,"45",NA,"414","232",NA,NA,NA,NA,"158",NA,NA,NA,NA,NA,NA,"27",NA,NA,"20",NA,"10",NA,"1",NA,NA,"1",NA,"12125","21","4",NA,"25",NA,NA,NA,NA,"162",NA,NA,"1","279","5",NA,NA,"1","2",NA,"597",NA,NA,NA,NA,NA,NA,NA,NA,NA,"30","40",NA,NA,"1","1",NA,"1","3317","37",NA,"6",NA,NA,"95","7",NA,"5",NA,"1",NA,NA,NA,"35","6",NA,"1",NA,NA,NA,NA,NA,"169","3","9",NA,"3",NA,"4","3",NA,"15","702","1061",NA,"7","1",NA,NA,NA,NA,NA,"1",NA,NA,"3","cw","1784","cw","3",NA,NA,"75","cw",NA,NA,NA,"244","1","2",NA,"26",NA,NA,"1",NA,"129","4",NA,NA,NA,"1","5","1","352",NA,NA,"4",NA,"24",NA,NA,"44",NA,NA,NA,NA,"25",NA,"1431",NA,"11","201","4","2","869","cw",NA,NA,NA,"8",NA,NA,NA,NA,NA,NA,NA,NA,NA,NA,"4",NA,NA,NA,NA,NA,"314",NA,NA,NA,NA,"2",NA,"57",NA,NA,NA,NA,"47",NA,NA,NA,"1",NA,"4",NA,"2","27",NA,NA,"23",NA,"21",NA,NA,NA,NA,NA,NA,NA,"13",NA,"7",NA,NA,NA,NA,NA,NA,NA
"52",1996,NA,NA,NA,"10","1266","17","114","62",NA,"1251",NA,"174","442",NA,NA,"30",NA,NA,NA,"25",NA,"460","224",NA,NA,NA,NA,"143","40",NA,NA,NA,NA,NA,NA,NA,NA,"16",NA,"5",NA,"1",NA,NA,NA,NA,"15501",NA,"1","157","222",NA,NA,NA,"6","57","1",NA,"1","55","12",NA,NA,NA,NA,NA,NA,NA,NA,NA,NA,NA,NA,NA,NA,NA,"38",NA,NA,"1",NA,NA,NA,"1","4795","330","1","5",NA,NA,"16",NA,NA,"11",NA,NA,NA,NA,NA,"22","7",NA,NA,NA,NA,NA,"1",NA,"81","12","4",NA,"9",NA,"3",NA,NA,"55","647","1278",NA,NA,"6",NA,NA,NA,NA,"2","3",NA,NA,"1",NA,"1626","1","1",NA,NA,"113","28",NA,NA,"1","210","1","3",NA,"20",NA,NA,NA,NA,"257","1",NA,NA,NA,"1","1","4","130",NA,"130","4","2","22",NA,NA,"34",NA,NA,NA,NA,"21",NA,"1396","42",NA,"10","30","5","730",NA,NA,NA,NA,"2",NA,NA,NA,NA,NA,NA,NA,NA,NA,NA,"6",NA,NA,NA,NA,NA,"60",NA,NA,NA,NA,"2",NA,"70",NA,NA,NA,NA,"71",NA,NA,NA,NA,NA,"3",NA,"1","32","11",NA,"22",NA,"50",NA,"2",NA,NA,NA,NA,NA,"8",NA,"4",NA,NA,NA,NA,NA,NA,NA
"53",1997,"1",NA,NA,"45","1346","14","267","48","cw","289",NA,"304","404",NA,NA,"25",NA,NA,NA,"49",NA,"468","288",NA,NA,NA,NA,"191",NA,NA,NA,NA,NA,NA,NA,NA,NA,"13",NA,"6",NA,"1",NA,NA,NA,NA,"13678",NA,"1","1","20",NA,NA,NA,NA,"135","1",NA,"1","112","3",NA,"cw",NA,NA,NA,"156",NA,"17","100",NA,"32",NA,"2",NA,NA,"28",NA,NA,NA,NA,"3",NA,"1","5200",NA,NA,"9",NA,NA,"35","2",NA,"4",NA,NA,NA,NA,NA,"23","3",NA,NA,NA,NA,NA,NA,NA,"76","20","4",NA,"3",NA,"19","4",NA,"152","650","1085",NA,NA,"1",NA,NA,NA,NA,"20",NA,NA,NA,"3",NA,"3398","1","1",NA,NA,"56","1",NA,"210",NA,NA,NA,"1",NA,"15",NA,"cw",NA,NA,"182","3",NA,NA,NA,NA,NA,NA,"39",NA,NA,"6",NA,"11",NA,NA,"10",NA,NA,NA,NA,"22",NA,"419",NA,"3","67","5","7","851","2",NA,NA,NA,"19","1",NA,NA,NA,NA,NA,NA,NA,NA,NA,"3",NA,NA,NA,"2",NA,"67",NA,NA,"17",NA,"4",NA,"33",NA,NA,NA,NA,"33",NA,NA,NA,"1",NA,"1",NA,NA,"16","3",NA,"22",NA,"28",NA,NA,NA,NA,NA,NA,NA,"21",NA,"5",NA,NA,NA,"cw",NA,NA,NA
"54",1998,"1",NA,NA,"30","495","24","293","50",NA,"516",NA,"304","458",NA,NA,"23",NA,NA,NA,"22",NA,"267","190",NA,NA,NA,NA,"84",NA,NA,NA,NA,NA,NA,"45",NA,NA,"11","2","12",NA,"3",NA,NA,"1",NA,"16302","1","5","1","145",NA,NA,NA,NA,"135",NA,NA,"cw","6","6",NA,NA,NA,"1",NA,"249",NA,"18","157",NA,"15",NA,"5",NA,NA,"30",NA,NA,"1",NA,"4",NA,"cw","2654","94",NA,"4",NA,NA,"29","13","1","3","6",NA,NA,NA,NA,"18","12",NA,NA,"1",NA,NA,NA,NA,"73",NA,"1",NA,"2",NA,"5","6",NA,"486","509","1050",NA,NA,"3",NA,NA,NA,NA,"8","1",NA,NA,"2",NA,"1318","2","4",NA,NA,"15","3",NA,NA,NA,"164",NA,NA,NA,"25",NA,"cw",NA,NA,"503","2",NA,NA,NA,NA,"cw",NA,"202",NA,NA,"1",NA,"15",NA,NA,"7",NA,NA,NA,NA,"20",NA,"879",NA,NA,"12","131","3","489",NA,NA,NA,NA,"9",NA,NA,"1",NA,NA,NA,NA,NA,NA,NA,"4",NA,NA,NA,"10",NA,"101",NA,NA,NA,NA,"5",NA,"41",NA,NA,NA,NA,"24",NA,NA,NA,NA,NA,"1",NA,NA,"11","5",NA,"3",NA,"9",NA,NA,NA,NA,"2",NA,NA,"27",NA,"4",NA,NA,"1",NA,NA,NA,NA
"55",1999,NA,NA,"1","40","1663","21","238","68",NA,"1113",NA,"230","274",NA,NA,"33",NA,NA,NA,"43",NA,"342","277","1",NA,NA,NA,"174",NA,NA,NA,NA,NA,NA,"40",NA,NA,"14",NA,"10",NA,"2",NA,NA,"8",NA,"18553",NA,"2",NA,"30",NA,NA,NA,"1","508","2",NA,NA,"357","13",NA,NA,NA,"1",NA,"379",NA,NA,NA,NA,NA,NA,NA,NA,NA,"27",NA,NA,NA,NA,"4",NA,NA,"3733",NA,NA,"4",NA,NA,"10","6",NA,"9",NA,NA,NA,NA,NA,"21","10",NA,NA,"1",NA,NA,NA,NA,"47","11",NA,NA,"4",NA,"18","9",NA,"40","744","870",NA,NA,NA,NA,NA,"1",NA,NA,NA,NA,NA,"3","cw","5463","2","4",NA,"1","60","52",NA,NA,NA,"272",NA,NA,NA,"12",NA,"7","1",NA,"365","3",NA,NA,NA,NA,"2",NA,"28",NA,NA,"3",NA,"28",NA,NA,"47",NA,NA,NA,NA,"33","1","2134","18","6","274","13","11","978",NA,NA,NA,NA,"6","1",NA,NA,NA,NA,NA,NA,NA,NA,NA,"9",NA,NA,NA,NA,NA,"63",NA,NA,NA,NA,"5",NA,"47",NA,NA,NA,"1","16",NA,NA,NA,NA,NA,"2",NA,"6","14","8",NA,"11",NA,"54",NA,NA,NA,NA,NA,NA,NA,"11",NA,"4",NA,"1",NA,NA,"1",NA,NA
"56",2000,NA,NA,NA,"11","1672","8","220","91",NA,"1044",NA,"293","344",NA,NA,"31","1",NA,NA,"31",NA,"342","338",NA,"5",NA,NA,"94",NA,NA,NA,NA,NA,NA,NA,NA,NA,"15",NA,"9",NA,"1",NA,NA,NA,NA,"18657",NA,"4","17","3",NA,NA,NA,NA,"183",NA,NA,NA,"25","36",NA,NA,NA,"3",NA,"297",NA,NA,"27","22",NA,NA,NA,NA,NA,"25",NA,NA,NA,NA,NA,NA,NA,"6349","92","1","4",NA,NA,"1",NA,NA,"7","70",NA,NA,NA,NA,"15","8",NA,NA,"cw",NA,NA,NA,NA,"35","1","1",NA,"4",NA,"6","2","4","551","563","978",NA,NA,"2",NA,NA,NA,NA,"7",NA,NA,NA,"cw",NA,"2530","1","1",NA,NA,"58","2",NA,NA,NA,"246","1","1",NA,"19",NA,"17",NA,NA,"172","6",NA,NA,NA,NA,"2",NA,"34",NA,NA,"3",NA,"65",NA,NA,"15",NA,NA,NA,NA,"34",NA,"767","12","16","9","15","10","891",NA,NA,NA,NA,"12",NA,NA,NA,NA,NA,NA,NA,NA,NA,NA,"6",NA,NA,NA,"5",NA,"28",NA,NA,"1",NA,"4",NA,"25",NA,NA,NA,NA,"45",NA,NA,NA,NA,NA,"2",NA,NA,"61","11",NA,"38",NA,"39",NA,NA,NA,NA,NA,NA,NA,"6",NA,"4",NA,NA,NA,NA,"1",NA,NA
"57",2001,NA,NA,NA,"17","486","3","287","58",NA,"1647",NA,"288","339",NA,NA,"19",NA,NA,NA,"40",NA,"377","299",NA,NA,NA,NA,"150",NA,NA,NA,NA,"cw",NA,"15",NA,NA,"23","1","16","12",NA,NA,NA,NA,NA,"8033",NA,"1","5","63",NA,NA,NA,NA,"191",NA,NA,NA,"30","9",NA,NA,NA,"1",NA,NA,NA,"5","9","31","10",NA,"1",NA,NA,"27",NA,NA,"1","1",NA,NA,NA,"3120",NA,NA,"7",NA,NA,"20","4",NA,"8",NA,NA,NA,NA,NA,"24","11",NA,NA,NA,NA,NA,"1","28",NA,NA,"4",NA,NA,NA,"2","2",NA,"106","434","958",NA,NA,"10",NA,NA,NA,NA,"18",NA,NA,NA,NA,NA,"2210","1","1",NA,NA,"27","36",NA,NA,NA,"194","5",NA,NA,"18",NA,NA,NA,NA,"37","3",NA,NA,NA,NA,"1",NA,"218",NA,NA,"2",NA,"18",NA,NA,"37",NA,NA,NA,NA,"39","1","596",NA,"27","32","15","11","727",NA,NA,NA,NA,"8","3",NA,NA,NA,NA,NA,NA,NA,NA,NA,"7","1",NA,NA,NA,NA,"104",NA,NA,NA,NA,"12",NA,"33",NA,NA,NA,NA,"44",NA,NA,NA,NA,NA,"2",NA,NA,"102","15",NA,"11",NA,"29",NA,"1",NA,NA,NA,NA,NA,"11",NA,NA,NA,NA,NA,NA,NA,NA,NA
"58",2002,"1",NA,NA,"2","1469","13","105","55",NA,"623",NA,"187","203",NA,NA,"18",NA,NA,"1","35",NA,"367","275","2",NA,NA,NA,"138",NA,NA,NA,NA,NA,NA,NA,NA,NA,"14",NA,"17",NA,"1",NA,NA,"2",NA,"4493",NA,"1",NA,"50",NA,NA,NA,NA,"119",NA,NA,NA,"150","7",NA,NA,NA,"1",NA,"76",NA,"25","34","145","55",NA,"5",NA,NA,"31",NA,NA,NA,NA,"3","4",NA,"4581",NA,NA,"3",NA,NA,"25",NA,NA,"8",NA,NA,NA,NA,NA,"32","8",NA,"2",NA,NA,NA,NA,NA,"31",NA,"4",NA,NA,"1","50","11",NA,"59","551","1418",NA,NA,"4",NA,NA,NA,NA,"12",NA,NA,NA,NA,NA,"2432","3","4",NA,NA,"30","30",NA,NA,NA,"164","1","1",NA,"12","1","8","1",NA,"49","2",NA,NA,NA,NA,NA,NA,"13",NA,"18","1",NA,"26",NA,NA,"10",NA,NA,NA,NA,"30","2","463",NA,"57","151","8","20","511",NA,NA,NA,NA,"6","2","3",NA,NA,NA,NA,NA,NA,NA,NA,"6",NA,NA,NA,NA,NA,"53",NA,NA,"3",NA,"2",NA,"71",NA,NA,NA,"2","32",NA,NA,NA,NA,NA,NA,NA,NA,"89","24",NA,"34",NA,"45",NA,NA,NA,NA,NA,NA,"3",NA,NA,"3",NA,NA,NA,NA,NA,NA,NA
"59",2003,"3",NA,NA,"25","448","28","226","59","1","1470",NA,"157","80",NA,NA,"25",NA,NA,NA,"37",NA,"141","74","1",NA,NA,NA,"103",NA,NA,NA,NA,NA,NA,"17",NA,"1","9","1","15",NA,"1",NA,NA,NA,NA,"9298",NA,"5",NA,"86",NA,NA,NA,NA,"193",NA,NA,NA,"34","12",NA,NA,NA,"3",NA,NA,NA,"39","114","166","83",NA,"16",NA,NA,"30",NA,NA,NA,NA,"2","2",NA,"7723",NA,"1","6",NA,NA,"39","23",NA,"12",NA,NA,NA,NA,NA,"17","8",NA,NA,"3",NA,NA,NA,"90",NA,"4","3",NA,NA,"1","10",NA,NA,"320","474","1099",NA,NA,"14","1",NA,NA,NA,"85",NA,NA,NA,"1",NA,"1943",NA,"2",NA,NA,"34","35",NA,NA,NA,"220","3",NA,NA,"22",NA,"3",NA,"3","169","5",NA,NA,NA,NA,"3",NA,NA,NA,NA,"6",NA,"75",NA,NA,"35","1",NA,NA,NA,"43","1","341","3","20","196","1","3","826",NA,NA,"1",NA,"5","9",NA,NA,NA,NA,NA,NA,NA,"1",NA,"5",NA,NA,NA,"1",NA,"53",NA,NA,NA,NA,"6",NA,"29",NA,"2",NA,NA,"13",NA,NA,NA,NA,"1",NA,NA,NA,"72","2",NA,"2",NA,"21",NA,NA,NA,NA,NA,NA,"15",NA,NA,"11","1","1",NA,NA,NA,NA,NA
"60",2004,"1",NA,NA,"1","799","25","94","64",NA,"889",NA,"81","127",NA,NA,"33",NA,NA,NA,"36",NA,"125","205","1",NA,"100",NA,"108","460",NA,NA,NA,NA,NA,NA,NA,NA,"26",NA,"2",NA,"3","230",NA,"8",NA,"6899",NA,"3",NA,"221",NA,NA,NA,NA,"201",NA,NA,NA,"188","21",NA,NA,NA,"2",NA,"231",NA,"13","56","116","64",NA,"3",NA,"1","48","15",NA,NA,NA,"3","86",NA,"3244",NA,NA,"1",NA,NA,"13","16",NA,"6",NA,NA,NA,NA,NA,"19","15",NA,NA,NA,NA,NA,NA,NA,"14","21","8",NA,"2",NA,"7","2",NA,"199","762","1277",NA,NA,"5",NA,NA,NA,NA,"11",NA,NA,NA,NA,NA,"1198",NA,"4","cw",NA,"44","74",NA,"63",NA,"151","21",NA,NA,"8",NA,"2","1","1","180","1",NA,NA,NA,NA,NA,NA,"3",NA,NA,"4",NA,"7",NA,NA,"26",NA,NA,NA,NA,"26","1","6734","1","27","121","23","6","640",NA,NA,NA,NA,"1","2",NA,NA,NA,NA,NA,NA,NA,NA,NA,"7",NA,NA,NA,NA,NA,"60",NA,NA,"5",NA,"3",NA,"56",NA,NA,NA,NA,"75",NA,NA,NA,NA,NA,"5",NA,NA,"18","cw",NA,"36",NA,"115",NA,NA,NA,NA,NA,NA,"13",NA,NA,"3",NA,"2",NA,NA,NA,NA,NA
"61",2005,"1",NA,NA,"16","1304","35","295","68",NA,"1003",NA,"208","117",NA,NA,"28",NA,NA,NA,"23",NA,"156","105",NA,NA,NA,NA,"155",NA,NA,NA,NA,NA,"cw","25",NA,NA,"16",NA,NA,"29","3","4348",NA,NA,NA,"8201",NA,"2",NA,"101",NA,NA,NA,NA,"84","1",NA,NA,"17","4",NA,NA,NA,"2",NA,"299",NA,"33","198","158","129",NA,"24",NA,NA,"30","16",NA,NA,NA,NA,"221",NA,"2161",NA,NA,"2",NA,NA,"30","cw",NA,"8",NA,NA,NA,NA,NA,"20","15",NA,"2","1",NA,NA,NA,NA,"35",NA,"1",NA,NA,NA,NA,"3",NA,"944","852","1471",NA,NA,"3",NA,NA,NA,NA,"cw",NA,NA,NA,NA,NA,"707",NA,"cw",NA,NA,"15","83",NA,"59",NA,"203","2",NA,NA,"27","cw","5",NA,NA,"77","7","1",NA,NA,NA,"cw",NA,"30","1",NA,"3",NA,"3",NA,NA,"18",NA,NA,NA,NA,"30","2","1792",NA,"14","cw","5","3","565",NA,NA,NA,NA,"3","3",NA,NA,NA,NA,NA,NA,NA,NA,NA,"6",NA,NA,NA,NA,NA,"70",NA,NA,NA,NA,"2",NA,"15",NA,NA,NA,NA,"8",NA,NA,NA,NA,NA,NA,NA,NA,"78","cw",NA,"10",NA,"202",NA,NA,NA,NA,NA,NA,"9",NA,NA,"2",NA,"cw",NA,"cw",NA,NA,NA
"62",2006,"2",NA,NA,"36","1713","15","139","90",NA,"1553",NA,"87","319",NA,NA,"35",NA,NA,NA,"35",NA,"109","152",NA,NA,NA,NA,"93",NA,NA,NA,NA,NA,NA,"cw",NA,NA,"1",NA,"2","36","1","1493",NA,"10",NA,"10343",NA,"10",NA,"104",NA,NA,NA,NA,"161",NA,NA,NA,"304","11",NA,NA,NA,"6",NA,"138",NA,"30","61","88","86",NA,"15",NA,NA,"28",NA,NA,NA,"cw","1","313",NA,"4034",NA,"1","1",NA,NA,"42","2",NA,"9",NA,NA,NA,NA,NA,"16","17",NA,NA,NA,NA,NA,NA,NA,"71",NA,"2",NA,"1",NA,"10","7",NA,"423","701","1320",NA,NA,"10",NA,NA,NA,NA,"11",NA,NA,NA,NA,NA,"2535","1","1",NA,NA,"35","58",NA,"35","1","151","1",NA,NA,"11","1","4",NA,NA,"126","4",NA,NA,NA,NA,NA,NA,NA,NA,NA,"12",NA,"95",NA,"4","14",NA,NA,NA,NA,"45",NA,"1353","2","31","206","31","4","1217",NA,NA,NA,NA,"3","2",NA,NA,NA,NA,NA,NA,NA,NA,NA,"10",NA,NA,NA,"6",NA,"43",NA,NA,NA,NA,"4",NA,"33",NA,NA,NA,NA,"22",NA,NA,NA,NA,NA,"7",NA,NA,"11","cw",NA,"4",NA,"61",NA,NA,NA,NA,NA,NA,"3",NA,NA,"10",NA,"1",NA,NA,NA,NA,NA
"63",2007,NA,NA,NA,"20","1239","27","248","55","cw","1782",NA,"211","211",NA,NA,"23",NA,NA,"cw","24",NA,"118","203",NA,NA,NA,NA,"163","654",NA,NA,NA,NA,NA,NA,NA,NA,"17","1","2",NA,"2","4788",NA,NA,NA,"5256",NA,"5","cw","36",NA,NA,NA,"8","63",NA,NA,NA,"211","33",NA,NA,NA,"2",NA,"308",NA,"19","104","130","98",NA,"9",NA,NA,"37",NA,NA,NA,NA,"4","792",NA,"8592","1",NA,"3",NA,NA,"16","3",NA,"5",NA,NA,NA,NA,NA,"13","9",NA,NA,NA,NA,NA,"1",NA,"64",NA,"7",NA,"1",NA,"2","3",NA,"628","736","990",NA,NA,"1",NA,NA,NA,NA,"3",NA,NA,NA,NA,NA,"571",NA,"3",NA,NA,"164","21",NA,"26",NA,"132",NA,"1",NA,"8","1","8","1","1","501","6",NA,NA,NA,NA,NA,NA,"57",NA,NA,NA,"1","41",NA,NA,"101",NA,NA,NA,NA,"47","1","276","51","3","179","6","10","426","3",NA,NA,NA,"3","1",NA,"2",NA,NA,NA,"1",NA,NA,NA,"9",NA,NA,NA,"1",NA,"51",NA,NA,NA,NA,NA,NA,"73",NA,NA,NA,NA,"45","1",NA,NA,NA,NA,"9",NA,NA,"40","12",NA,"37",NA,"121",NA,"1",NA,NA,NA,NA,"5",NA,NA,"cw",NA,NA,NA,NA,NA,NA,NA
"64",2008,NA,NA,NA,"24","1019","25","138","58",NA,"1125",NA,"98","346",NA,NA,"28",NA,NA,"cw","14",NA,"109","194",NA,NA,NA,NA,"105",NA,NA,NA,NA,NA,NA,"200",NA,NA,"5",NA,"3","10",NA,"6352","120",NA,NA,"5619",NA,"7",NA,"32",NA,NA,NA,NA,"70","1",NA,NA,"53","40",NA,NA,NA,"2",NA,"184",NA,"21","61","177","84",NA,"16",NA,NA,"25",NA,NA,NA,NA,"2","583",NA,"2135",NA,NA,"1",NA,NA,"26","1",NA,"8",NA,NA,NA,NA,NA,"11","11",NA,NA,"1",NA,NA,NA,NA,"53",NA,"3",NA,"1",NA,"1","9",NA,"61","772","1523",NA,NA,"6",NA,NA,NA,NA,NA,NA,NA,NA,NA,NA,"1012","1","1",NA,NA,"29","29",NA,"57",NA,"116","1","1",NA,"16",NA,"11","1","1","65","3",NA,NA,NA,NA,"1",NA,"360",NA,NA,"2",NA,"4",NA,NA,"5",NA,NA,NA,NA,"40","1","1361",NA,"3","2","22","1","271",NA,NA,"1",NA,"7",NA,NA,"1",NA,NA,NA,NA,NA,NA,NA,"2",NA,NA,NA,"4",NA,"39",NA,NA,NA,NA,"2",NA,"71",NA,NA,NA,NA,"19",NA,NA,NA,NA,NA,"2",NA,NA,"8","3",NA,"16",NA,"182",NA,"1",NA,"1",NA,"7","6",NA,NA,"7",NA,"1",NA,"1",NA,NA,NA
"65",2009,NA,NA,NA,"7","551","34","189","86","3","533",NA,"122","246",NA,NA,"22",NA,NA,NA,"29",NA,"159","268",NA,NA,NA,NA,"124",NA,NA,NA,NA,NA,NA,"1",NA,NA,"12",NA,NA,NA,NA,"1451",NA,NA,NA,"4943",NA,"9","1",NA,NA,NA,NA,NA,"87",NA,NA,"1","29","39",NA,NA,NA,"4",NA,"200",NA,"17","97","121","47",NA,"4",NA,NA,"51",NA,NA,NA,NA,"3","522",NA,"2232",NA,NA,"3",NA,NA,"13","5",NA,"7",NA,NA,NA,NA,"25","8","6",NA,NA,NA,NA,NA,NA,NA,"6",NA,"6",NA,"4",NA,"cw","5",NA,"142","390","788",NA,NA,"2","1",NA,NA,NA,"2",NA,NA,NA,NA,NA,"710","1","2",NA,NA,"104","110",NA,"25","cw","150",NA,"1",NA,"13",NA,"2","2","cw","50","9",NA,NA,NA,NA,"1",NA,"69",NA,NA,"2",NA,"4",NA,NA,"60",NA,NA,NA,NA,"66","2","1153","7","8","20","21",NA,"683",NA,NA,NA,NA,"2",NA,NA,NA,NA,NA,NA,NA,NA,NA,NA,"3",NA,NA,NA,NA,NA,"43",NA,NA,NA,NA,"2",NA,"47",NA,NA,NA,"cw","23",NA,NA,NA,NA,"1","24",NA,NA,"26","1",NA,"17",NA,"34",NA,"2","2",NA,NA,NA,"4",NA,NA,"6",NA,NA,NA,NA,NA,NA,NA
"66",2010,NA,NA,NA,NA,"805","16","300","81",NA,"1346",NA,"36","317",NA,NA,"23",NA,NA,NA,"39",NA,"183","231",NA,NA,NA,NA,"134",NA,NA,NA,NA,NA,NA,"3",NA,NA,"20",NA,"15",NA,NA,"2909","1723",NA,NA,"5375",NA,"2","17","55","1",NA,NA,"89","145",NA,NA,NA,"2","28",NA,NA,NA,"3",NA,"147",NA,"16","72","112","133","1","1",NA,NA,"41","5",NA,NA,NA,NA,"1308",NA,"2054",NA,NA,"1",NA,NA,"32","1",NA,"8",NA,NA,NA,NA,"303","14","10",NA,"1","1",NA,NA,NA,NA,"9","2","7",NA,"2",NA,NA,"5",NA,"314","975","1934",NA,NA,"3",NA,NA,NA,"1","1",NA,NA,NA,NA,NA,"893","2","1",NA,NA,"83","91",NA,"48","1","199","3","1",NA,"13",NA,"8",NA,"1","305","4",NA,NA,NA,NA,NA,NA,"51","1",NA,"3",NA,"45",NA,NA,"49",NA,NA,NA,NA,"68","1","748","2","19","142","34","2","748",NA,NA,"7",NA,"2","1",NA,NA,NA,NA,NA,NA,NA,NA,NA,"8","1",NA,NA,"16",NA,"75",NA,NA,NA,NA,"8",NA,"112",NA,NA,NA,NA,"45",NA,NA,NA,NA,NA,"15",NA,"1","15","8",NA,"19",NA,"110",NA,"4",NA,NA,NA,NA,"1",NA,NA,NA,NA,NA,NA,NA,NA,NA,NA
"67",2011,"2",NA,NA,"7","1037","32","346","94",NA,"947",NA,"96","281",NA,NA,"29",NA,NA,NA,"49",NA,"182","325",NA,NA,NA,NA,"197",NA,NA,NA,NA,NA,NA,"16",NA,"1","6",NA,"1","8","1","3635","4360",NA,NA,"4843",NA,"7",NA,"14",NA,NA,NA,NA,"120","1",NA,NA,"35","33",NA,NA,NA,"6",NA,"247",NA,"22","55","115","128","4","1",NA,NA,"60",NA,NA,NA,NA,"4","854",NA,"1339",NA,NA,"6",NA,NA,"14",NA,NA,"8",NA,NA,NA,NA,"cw","5","14",NA,NA,"2",NA,NA,NA,NA,"27","4","3",NA,NA,NA,"cw","4",NA,"92","819","1641",NA,NA,"9",NA,NA,NA,NA,"4",NA,NA,NA,NA,NA,"549","1","5",NA,NA,"67","13",NA,"31","2","235","2","2",NA,"16",NA,"12","1",NA,"41","11",NA,NA,NA,NA,"2",NA,"34",NA,NA,"2",NA,"46","1",NA,"49",NA,NA,NA,NA,"68","1","2009","29","10","34","14","9","789",NA,NA,"3",NA,"2","1",NA,NA,NA,NA,"1",NA,NA,NA,NA,"6",NA,NA,NA,"6","1","78",NA,NA,NA,NA,"3",NA,"86",NA,NA,NA,NA,"40",NA,NA,NA,NA,NA,"21",NA,"2","39","17",NA,"25",NA,"38",NA,"2",NA,NA,NA,NA,"4",NA,NA,NA,"1",NA,NA,NA,"2",NA,NA
"68",2012,NA,"1",NA,"30","894","14","374","174",NA,"2385",NA,"217","203","1",NA,"27",NA,NA,NA,"35",NA,"243","359",NA,NA,NA,NA,"285","7",NA,NA,NA,NA,NA,"30",NA,NA,"20",NA,"4","cw",NA,"3413","5972",NA,NA,"6826",NA,"3",NA,"71",NA,NA,NA,NA,"168",NA,NA,NA,"21","27","158",NA,NA,"10",NA,"188",NA,"37","92","148","94","9","4",NA,NA,"57","38",NA,NA,NA,"3","3177",NA,"5207",NA,"1","1",NA,NA,"36","7",NA,"2",NA,"cw",NA,NA,"1","22","15",NA,NA,"3",NA,NA,NA,NA,"cw","7","5",NA,"3","3","2","16",NA,"405","1192","2462",NA,NA,"5",NA,NA,NA,NA,"112",NA,NA,NA,NA,"1","827","2","7",NA,NA,"70","107",NA,"146","1","206",NA,"1",NA,"22",NA,"9","cw","1","17","10",NA,NA,NA,NA,NA,NA,"63",NA,NA,"9",NA,"16",NA,NA,"21",NA,NA,NA,NA,"88","1","1663","1","3","112","10",NA,"883","3",NA,"2",NA,"7",NA,"1",NA,NA,NA,"cw",NA,NA,NA,NA,"9",NA,NA,NA,"8",NA,"75",NA,NA,"16",NA,"3",NA,"71",NA,"1",NA,NA,"42",NA,"3",NA,NA,NA,"16",NA,"1","34","23",NA,"26",NA,"144",NA,"6",NA,NA,NA,NA,"9",NA,NA,"1",NA,NA,NA,NA,"cw",NA,NA
"69",2013,NA,NA,NA,"cw","1005","11","248","102",NA,"596",NA,"115","168",NA,NA,"34",NA,NA,NA,"22",NA,"189","257",NA,NA,NA,NA,"139","3",NA,NA,NA,NA,NA,"20",NA,NA,"1","1","1","cw","6","4869","1173",NA,NA,"27410",NA,"2",NA,"16",NA,NA,NA,"2","103",NA,NA,NA,"13","49",NA,NA,NA,"9",NA,"280",NA,"14","75","111","82","1","2","1",NA,"44","103",NA,NA,"5",NA,"1935",NA,"1381","cw","3","3",NA,NA,"26",NA,NA,"8",NA,NA,NA,NA,NA,"12","24",NA,NA,"1","1",NA,NA,NA,"20","1","5",NA,"4",NA,NA,"5","1","23","405","1694",NA,NA,"4",NA,NA,NA,"1",NA,NA,NA,NA,NA,NA,"855",NA,"4",NA,NA,"10","39",NA,"41","3","142","4",NA,NA,"25",NA,"9","1",NA,"19","4",NA,NA,NA,NA,"cw",NA,"22",NA,NA,"3",NA,"12",NA,NA,"10",NA,NA,NA,NA,"106","2","877","8",NA,"82","4","1","809",NA,NA,NA,NA,"59",NA,NA,NA,NA,NA,NA,NA,NA,NA,NA,"8",NA,NA,NA,"3",NA,"80",NA,NA,NA,NA,"4",NA,"124",NA,"1",NA,NA,"63",NA,NA,NA,NA,NA,"32",NA,"1","11","11",NA,"22",NA,"85",NA,NA,NA,NA,NA,"2","5",NA,NA,"3",NA,NA,NA,NA,NA,NA,NA
"70",2014,"2",NA,NA,"94","1612","23","215","118",NA,"1472",NA,"127","338",NA,NA,"33",NA,NA,NA,"23",NA,"272","247",NA,NA,NA,NA,"199",NA,NA,NA,NA,NA,NA,"36",NA,NA,"18",NA,"12","6",NA,"10128","360","1",NA,"12197",NA,"2","3","222",NA,"1",NA,NA,"158","1",NA,NA,"34","21",NA,NA,NA,"9",NA,"222",NA,"51","114","158","74","3",NA,NA,NA,"49","50",NA,NA,NA,"13","1469",NA,"4876","45",NA,"2",NA,NA,"15","13",NA,"12",NA,NA,NA,NA,NA,"13","43",NA,NA,"cw",NA,NA,NA,NA,"cw","28","14",NA,"1","1","4","30","1","193","688","1409",NA,NA,"5",NA,NA,NA,NA,"11",NA,NA,NA,NA,NA,"1680","4","5",NA,NA,"53","23",NA,"74","3","158","1","1",NA,"16",NA,"5",NA,NA,"86","4",NA,NA,NA,NA,"1",NA,"18",NA,NA,"3",NA,"57",NA,"cw","77",NA,NA,NA,NA,"129",NA,"2649","42","115","133","49","5","481",NA,NA,NA,NA,"9","1",NA,NA,NA,"1",NA,NA,NA,NA,NA,"8",NA,NA,NA,"2",NA,"272",NA,NA,NA,NA,"3",NA,"97",NA,NA,NA,NA,"25",NA,NA,NA,NA,NA,"42",NA,"8","10","20",NA,"19",NA,"125",NA,"1",NA,NA,NA,"6","3",NA,NA,"3",NA,NA,NA,NA,NA,"1",NA
"71",2015,"1",NA,NA,"8","748","29","410","113",NA,"860",NA,"133","282",NA,NA,"21",NA,NA,NA,"32",NA,"221","252",NA,NA,NA,"2","383",NA,NA,"cw",NA,NA,NA,"20",NA,NA,"42",NA,"4","18","6","4063","293","40",NA,"7152",NA,"6","2","97",NA,NA,NA,NA,"121","4",NA,NA,"36","37","8",NA,NA,"10",NA,"343","5","14","160","128","104",NA,NA,NA,NA,"68","5",NA,NA,"4","4","1313",NA,"3659",NA,"4",NA,NA,NA,"32","25",NA,"5",NA,NA,NA,NA,NA,"10","21",NA,NA,NA,NA,NA,NA,NA,"5","13","12",NA,"1",NA,"7","10","1","382","587","1443",NA,NA,"17",NA,"1","2","1",NA,NA,NA,NA,"4",NA,"811","5","4",NA,NA,"100","7",NA,"89",NA,"191","2","cw",NA,"13",NA,"7","4","13","13","11",NA,NA,NA,NA,"4",NA,"2",NA,NA,"3",NA,"111",NA,NA,"49",NA,NA,NA,"1","95","2","1890","21","2","411","27","3","491",NA,NA,"cw",NA,"3","5",NA,NA,NA,NA,NA,NA,NA,NA,NA,"15",NA,NA,NA,"cw",NA,"129",NA,NA,NA,"1","4",NA,"38",NA,NA,NA,"cw","49",NA,"2",NA,NA,NA,"58",NA,"2","71",NA,"17",NA,"41","259",NA,NA,NA,NA,NA,"2","13",NA,NA,"cw",NA,NA,NA,NA,"2","3","1"
"72",2016,NA,NA,NA,"14","803","42","157","65",NA,"2060",NA,"134","159",NA,NA,"37","1",NA,NA,"28",NA,"244","229",NA,NA,NA,NA,"211",NA,NA,"cw",NA,NA,NA,"38",NA,NA,"3",NA,NA,"60","3","8620","1896",NA,NA,"4433",NA,"4","cw","27","3",NA,NA,NA,"101",NA,NA,NA,"13","28",NA,NA,NA,"8",NA,"207","2","48","106","136","84",NA,"2",NA,NA,"50",NA,NA,NA,"1","4","1566",NA,"3463",NA,"1","1",NA,NA,"16","cw",NA,"6",NA,"1","1",NA,"1","11","20",NA,NA,"2",NA,NA,NA,NA,"22",NA,"4",NA,"1",NA,NA,"2",NA,"361","800","760",NA,NA,"6",NA,NA,NA,NA,"1",NA,NA,NA,NA,NA,"530",NA,"2","cw",NA,"9","5",NA,"78","1","142","1",NA,NA,"18",NA,NA,"1",NA,"140","5",NA,"1",NA,NA,"1",NA,NA,NA,NA,"4",NA,"6",NA,NA,"11",NA,NA,NA,NA,"87",NA,"1089","16","4","7","36","2","524",NA,"1",NA,NA,"3","2",NA,"cw",NA,NA,NA,NA,NA,NA,NA,"12",NA,NA,NA,NA,NA,"112",NA,NA,NA,NA,"2",NA,"23",NA,NA,NA,NA,"37",NA,NA,NA,NA,NA,"25",NA,NA,"84",NA,"4",NA,"6","325",NA,NA,NA,NA,NA,"2","1",NA,NA,"1","1",NA,NA,"1",NA,NA,NA
"73",2017,NA,NA,NA,"427","871","13","249","67",NA,"984",NA,"161","165",NA,NA,"29","1",NA,"1","33",NA,"263","358",NA,NA,NA,NA,"206",NA,NA,NA,NA,NA,NA,"cw",NA,NA,"35",NA,"13","11",NA,"3747","7259","20",NA,"6615","1","5",NA,"135",NA,NA,NA,NA,"205","25",NA,"2","82","61",NA,NA,NA,"13",NA,"148","5","15","75","145","65",NA,NA,NA,NA,"57",NA,NA,NA,NA,"11","1106",NA,"2998","45",NA,"cw",NA,NA,"25","19",NA,"5",NA,"1",NA,NA,NA,"17","14",NA,"cw","1",NA,NA,NA,NA,"33","9","11","1","4",NA,"9","41",NA,"80","496","1022",NA,NA,"1",NA,NA,"1","1","204",NA,"1",NA,NA,NA,"820","6","1",NA,NA,"94","14",NA,"89","2","123",NA,"1",NA,"15",NA,"5","3",NA,"370","6",NA,NA,"1",NA,"3",NA,"1",NA,NA,"3",NA,"43",NA,"2","60",NA,NA,NA,NA,"113","4","2297","16","606","678","233",NA,"420",NA,NA,NA,NA,"3","cw",NA,NA,NA,NA,NA,NA,NA,NA,NA,"8",NA,NA,NA,"2",NA,"123",NA,NA,NA,NA,"1",NA,"50",NA,"2",NA,NA,"55",NA,NA,NA,NA,NA,"52",NA,"3","26",NA,"13",NA,"52","107",NA,NA,NA,NA,NA,"80","6",NA,"1",NA,NA,NA,NA,NA,NA,NA,NA
